player_name,nation,position,age,matches_played,starts,minutes_played,goals,assists,penalties_scored,yellow_cards,red_cards,expected_goals,expected_assists,team_name
Virgil van Dijk,nl NED,DF,33,29,29,2610.0,1.0,1.0,0.0,3.0,0.0,1.6,0.5,Liverpool
Mohamed Salah,eg EGY,FW,32,29,29,2568.0,27.0,17.0,9.0,1.0,0.0,22.0,11.2,Liverpool
Ryan Gravenberch,nl NED,MF,22,29,29,2471.0,0.0,2.0,0.0,5.0,0.0,0.9,2.8,Liverpool
Trent Alexander-Arnold,eng ENG,DF,26,28,26,2145.0,2.0,6.0,0.0,4.0,0.0,1.6,6.7,Liverpool
Alexis Mac Allister,ar ARG,MF,26,28,25,2111.0,3.0,3.0,0.0,6.0,0.0,2.3,3.6,Liverpool
Andrew Robertson,sct SCO,DF,31,27,24,2016.0,0.0,0.0,0.0,3.0,1.0,0.8,4.0,Liverpool
Dominik Szoboszlai,hu HUN,MF,24,27,22,1953.0,5.0,3.0,0.0,6.0,0.0,6.7,5.0,Liverpool
Ibrahima Konaté,fr FRA,DF,25,23,22,1894.0,1.0,2.0,0.0,5.0,0.0,1.1,0.9,Liverpool
Luis Díaz,co COL,FW,28,28,22,1850.0,9.0,4.0,0.0,2.0,0.0,7.6,3.4,Liverpool
Alisson,br BRA,GK,32,21,21,1878.0,0.0,0.0,0.0,0.0,0.0,0.0,0.6,Liverpool
Cody Gakpo,nl NED,FW,25,26,16,1411.0,8.0,3.0,0.0,4.0,0.0,6.0,3.5,Liverpool
Curtis Jones,eng ENG,"MF,FW",24,24,13,1167.0,3.0,3.0,0.0,3.0,1.0,4.0,0.9,Liverpool
Diogo Jota,pt POR,FW,28,18,10,844.0,5.0,3.0,0.0,1.0,0.0,6.1,1.7,Liverpool
Darwin Núñez,uy URU,FW,25,23,8,970.0,5.0,2.0,0.0,7.0,0.0,5.0,1.1,Liverpool
Caoimhín Kelleher,ie IRL,GK,26,8,8,720.0,0.0,0.0,0.0,0.0,0.0,0.0,0.0,Liverpool
Joe Gomez,eng ENG,DF,27,9,6,519.0,0.0,0.0,0.0,1.0,0.0,0.3,0.1,Liverpool
Kostas Tsimikas,gr GRE,DF,28,14,5,517.0,0.0,1.0,0.0,2.0,0.0,0.1,1.0,Liverpool
Conor Bradley,nir NIR,DF,21,12,2,372.0,0.0,0.0,0.0,2.0,0.0,0.5,0.0,Liverpool
Jarell Quansah,eng ENG,DF,22,10,2,292.0,0.0,0.0,0.0,1.0,0.0,0.0,0.0,Liverpool
Wataru Endo,jp JPN,MF,32,14,0,147.0,0.0,0.0,0.0,0.0,0.0,0.0,0.0,Liverpool
Harvey Elliott,eng ENG,"MF,FW",21,11,0,128.0,0.0,1.0,0.0,0.0,0.0,0.2,0.8,Liverpool
Federico Chiesa,it ITA,FW,27,3,0,28.0,0.0,0.0,0.0,0.0,0.0,0.2,0.0,Liverpool
Vitezslav Jaros,cz CZE,GK,23,1,0,12.0,0.0,0.0,0.0,0.0,0.0,0.0,0.0,Liverpool
Jayden Danns,eng ENG,MF,19,1,0,11.0,0.0,0.0,0.0,0.0,0.0,0.0,0.0,Liverpool
Harvey Davies,eng ENG,GK,21,0,0,0.0,0.0,0.0,0.0,0.0,0.0,0.0,0.0,Liverpool
James McConnell,eng ENG,MF,20,0,0,0.0,0.0,0.0,0.0,0.0,0.0,0.0,0.0,Liverpool
Tyler Morton,eng ENG,MF,22,0,0,0.0,0.0,0.0,0.0,0.0,0.0,0.0,0.0,Liverpool
Amara Nallo,eng ENG,DF,18,0,0,0.0,0.0,0.0,0.0,0.0,0.0,0.0,0.0,Liverpool
Trey Nyoni,eng ENG,MF,17,0,0,0.0,0.0,0.0,0.0,0.0,0.0,0.0,0.0,Liverpool
David Raya,es ESP,GK,29,0,29,2610.0,0.0,0.0,0.0,2.0,0.0,0.0,0.0,Arsenal
William Saliba,fr FRA,DF,23,0,27,2364.0,2.0,0.0,0.0,2.0,1.0,2.1,0.5,Arsenal
Gabriel Magalhães,br BRA,DF,27,0,27,2348.0,3.0,1.0,0.0,4.0,0.0,2.6,0.9,Arsenal
Jurriën Timber,nl NED,DF,23,0,25,2199.0,1.0,2.0,0.0,7.0,0.0,0.7,0.8,Arsenal
Declan Rice,eng ENG,MF,26,0,25,2156.0,2.0,5.0,0.0,5.0,1.0,2.0,5.7,Arsenal
Thomas Partey,gh GHA,"MF,DF",31,0,24,2189.0,3.0,2.0,0.0,4.0,0.0,1.7,1.9,Arsenal
Leandro Trossard,be BEL,FW,30,0,21,1897.0,4.0,5.0,0.0,4.0,1.0,5.1,5.0,Arsenal
Kai Havertz,de GER,"FW,MF",25,0,21,1839.0,9.0,3.0,0.0,4.0,0.0,9.4,2.4,Arsenal
Martin Ødegaard,no NOR,MF,26,0,20,1726.0,2.0,4.0,1.0,3.0,0.0,3.7,3.7,Arsenal
Gabriel Martinelli,br BRA,"FW,MF",23,0,17,1569.0,6.0,3.0,0.0,1.0,0.0,4.5,3.0,Arsenal
Bukayo Saka,eng ENG,"FW,MF",23,0,16,1268.0,5.0,10.0,1.0,3.0,0.0,4.2,5.8,Arsenal
Mikel Merino,es ESP,"MF,FW",28,0,12,1149.0,5.0,1.0,0.0,2.0,0.0,3.7,1.4,Arsenal
Riccardo Calafiori,it ITA,DF,22,0,11,925.0,2.0,1.0,0.0,4.0,0.0,0.9,0.3,Arsenal
Myles Lewis-Skelly,eng ENG,DF,18,0,9,766.0,1.0,0.0,0.0,2.0,2.0,0.0,0.2,Arsenal
Ben White,eng ENG,DF,27,0,7,706.0,0.0,1.0,0.0,2.0,0.0,0.2,0.4,Arsenal
Ethan Nwaneri,eng ENG,"FW,MF",18,0,7,606.0,3.0,1.0,0.0,1.0,0.0,0.8,0.8,Arsenal
Jorginho,it ITA,MF,33,0,7,543.0,0.0,0.0,0.0,4.0,0.0,0.0,0.4,Arsenal
Gabriel Jesus,br BRA,FW,27,0,6,608.0,3.0,0.0,0.0,4.0,0.0,3.0,0.7,Arsenal
Raheem Sterling,eng ENG,"FW,MF",30,0,4,310.0,0.0,1.0,0.0,1.0,0.0,1.0,0.3,Arsenal
Jakub Kiwior,pl POL,DF,25,0,2,327.0,0.0,0.0,0.0,0.0,0.0,0.0,0.1,Arsenal
Oleksandr Zinchenko,ua UKR,"DF,MF",28,0,2,299.0,0.0,0.0,0.0,1.0,0.0,0.2,0.0,Arsenal
Kieran Tierney,sct SCO,"DF,FW",27,0,0,81.0,0.0,0.0,0.0,0.0,0.0,0.2,0.5,Arsenal
Takehiro Tomiyasu,jp JPN,DF,26,0,0,7.0,0.0,0.0,0.0,0.0,0.0,0.2,0.0,Arsenal
Reiss Nelson,eng ENG,FW,25,0,0,3.0,0.0,0.0,0.0,0.0,0.0,0.0,0.0,Arsenal
Nathan Butler-Oyedeji,eng ENG,FW,22,0,0,0.0,0.0,0.0,0.0,0.0,0.0,0.0,0.0,Arsenal
Ayden Heaven,eng ENG,DF,18,0,0,0.0,0.0,0.0,0.0,0.0,0.0,0.0,0.0,Arsenal
Ismeal Kabia,eng ENG,MF,19,0,0,0.0,0.0,0.0,0.0,0.0,0.0,0.0,0.0,Arsenal
Maldini Kacurri,al ALB,DF,19,0,0,0.0,0.0,0.0,0.0,0.0,0.0,0.0,0.0,Arsenal
Neto,br BRA,GK,35,0,0,0.0,0.0,0.0,0.0,0.0,0.0,0.0,0.0,Arsenal
Josh Nichols,eng ENG,DF,18,0,0,0.0,0.0,0.0,0.0,0.0,0.0,0.0,0.0,Arsenal
Eddie Nketiah,eng ENG,FW,25,0,0,0.0,0.0,0.0,0.0,0.0,0.0,0.0,0.0,Arsenal
Salah Oulad M'Hand,nl NED,MF,21,0,0,0.0,0.0,0.0,0.0,0.0,0.0,0.0,0.0,Arsenal
Jack Porter,eng ENG,GK,16,0,0,0.0,0.0,0.0,0.0,0.0,0.0,0.0,0.0,Arsenal
Aaron Ramsdale,eng ENG,GK,26,0,0,0.0,0.0,0.0,0.0,0.0,0.0,0.0,0.0,Arsenal
Tommy Setford,eng ENG,GK,19,0,0,0.0,0.0,0.0,0.0,0.0,0.0,0.0,0.0,Arsenal
Matz Sels,be BEL,GK,33,0,29,2610.0,0.0,0.0,0.0,2.0,0.0,0.0,0.0,Nottingham-Forest
Ola Aina,ng NGA,DF,28,0,29,2531.0,2.0,1.0,0.0,2.0,0.0,0.6,0.7,Nottingham-Forest
Nikola Milenković,rs SRB,DF,27,0,28,2520.0,4.0,2.0,0.0,4.0,0.0,3.5,0.8,Nottingham-Forest
Murillo,br BRA,DF,22,0,28,2478.0,1.0,0.0,0.0,5.0,0.0,1.2,1.1,Nottingham-Forest
Chris Wood,nz NZL,FW,33,0,28,2344.0,18.0,3.0,3.0,1.0,0.0,11.0,1.9,Nottingham-Forest
Morgan Gibbs-White,eng ENG,MF,25,0,25,2018.0,5.0,7.0,0.0,8.0,1.0,3.9,4.3,Nottingham-Forest
Elliot Anderson,eng ENG,MF,22,0,24,1982.0,1.0,6.0,0.0,6.0,0.0,1.4,3.0,Nottingham-Forest
Anthony Elanga,se SWE,"FW,MF",22,0,23,1845.0,5.0,8.0,0.0,1.0,0.0,3.7,4.3,Nottingham-Forest
Callum Hudson-Odoi,eng ENG,"FW,MF",24,0,22,1894.0,5.0,2.0,0.0,2.0,0.0,2.2,2.4,Nottingham-Forest
Neco Williams,wls WAL,DF,23,0,19,1784.0,1.0,1.0,0.0,4.0,0.0,1.8,1.0,Nottingham-Forest
Nicolás Domínguez,ar ARG,"MF,FW",26,0,16,1395.0,0.0,0.0,0.0,8.0,0.0,1.3,1.0,Nottingham-Forest
Ryan Yates,eng ENG,MF,27,0,15,1546.0,2.0,0.0,0.0,8.0,0.0,2.2,0.9,Nottingham-Forest
Álex Moreno,es ESP,DF,31,0,10,813.0,0.0,1.0,0.0,2.0,0.0,0.2,1.0,Nottingham-Forest
James Ward-Prowse,eng ENG,MF,30,0,5,400.0,0.0,1.0,0.0,2.0,1.0,0.1,1.1,Nottingham-Forest
Jota Silva,pt POR,"FW,MF",25,0,4,725.0,2.0,1.0,0.0,4.0,0.0,1.5,2.8,Nottingham-Forest
Morato,br BRA,DF,23,0,4,629.0,0.0,0.0,0.0,1.0,0.0,0.1,0.0,Nottingham-Forest
Ibrahim Sangaré,ci CIV,MF,27,0,3,274.0,0.0,1.0,0.0,2.0,0.0,0.0,0.3,Nottingham-Forest
Danilo,br BRA,MF,23,0,3,171.0,0.0,0.0,0.0,0.0,0.0,0.0,0.0,Nottingham-Forest
Taiwo Awoniyi,ng NGA,FW,27,0,2,278.0,1.0,0.0,0.0,0.0,0.0,2.0,0.1,Nottingham-Forest
Ramón Sosa,py PAR,"FW,MF",25,0,1,241.0,1.0,0.0,0.0,1.0,0.0,0.9,0.4,Nottingham-Forest
Willy Boly,ci CIV,DF,34,0,1,134.0,0.0,0.0,0.0,1.0,0.0,0.1,0.0,Nottingham-Forest
Harry Toffolo,eng ENG,DF,29,0,0,47.0,0.0,0.0,0.0,0.0,0.0,0.0,0.0,Nottingham-Forest
Eric da Silva Moreira,de GER,"MF,DF",18,0,0,30.0,0.0,0.0,0.0,0.0,0.0,0.0,0.0,Nottingham-Forest
Zach Abbott,eng ENG,DF,18,0,0,0.0,0.0,0.0,0.0,0.0,0.0,0.0,0.0,Nottingham-Forest
Wayne Hennessey,wls WAL,GK,38,0,0,0.0,0.0,0.0,0.0,0.0,0.0,0.0,0.0,Nottingham-Forest
Carlos Miguel,br BRA,GK,26,0,0,0.0,0.0,0.0,0.0,0.0,0.0,0.0,0.0,Nottingham-Forest
Andrew Omobamidele,ie IRL,DF,22,0,0,0.0,0.0,0.0,0.0,0.0,0.0,0.0,0.0,Nottingham-Forest
Moisés Caicedo,ec ECU,MF,23,29,29,2541.0,1.0,2.0,0.0,9.0,0.0,0.6,2.6,Chelsea
Cole Palmer,eng ENG,MF,22,28,28,2441.0,14.0,6.0,3.0,4.0,0.0,15.2,8.6,Chelsea
Levi Colwill,eng ENG,DF,22,27,27,2429.0,1.0,1.0,0.0,7.0,0.0,0.7,1.1,Chelsea
Marc Cucurella,es ESP,DF,26,27,25,2254.0,4.0,1.0,0.0,8.0,1.0,2.2,1.7,Chelsea
Enzo Fernández,ar ARG,MF,24,27,23,2141.0,4.0,5.0,0.0,6.0,0.0,4.4,5.1,Chelsea
Robert Sánchez,es ESP,GK,27,23,23,2070.0,0.0,0.0,0.0,5.0,0.0,0.0,0.0,Chelsea
Nicolas Jackson,sn SEN,FW,23,23,22,1736.0,9.0,5.0,0.0,5.0,0.0,11.4,4.0,Chelsea
Noni Madueke,eng ENG,FW,23,23,19,1453.0,7.0,3.0,0.0,3.0,0.0,7.6,3.6,Chelsea
Malo Gusto,fr FRA,DF,21,24,17,1551.0,0.0,1.0,0.0,3.0,0.0,1.6,1.0,Chelsea
Pedro Neto,pt POR,FW,25,26,16,1531.0,3.0,4.0,0.0,7.0,0.0,2.0,4.3,Chelsea
Jadon Sancho,eng ENG,FW,24,23,16,1430.0,2.0,4.0,0.0,1.0,0.0,1.6,3.2,Chelsea
Wesley Fofana,fr FRA,DF,24,14,14,1172.0,0.0,0.0,0.0,7.0,0.0,0.4,0.4,Chelsea
Tosin Adarabioyo,eng ENG,DF,27,16,11,1091.0,1.0,1.0,0.0,2.0,0.0,0.9,0.2,Chelsea
Christopher Nkunku,fr FRA,FW,27,25,8,872.0,3.0,2.0,0.0,2.0,0.0,4.7,2.0,Chelsea
Reece James,eng ENG,"DF,MF",25,11,8,681.0,1.0,0.0,0.0,1.0,0.0,0.2,0.3,Chelsea
Roméo Lavia,be BEL,MF,21,11,8,541.0,0.0,1.0,0.0,4.0,0.0,0.2,0.7,Chelsea
Filip Jørgensen,dk DEN,GK,22,6,6,540.0,0.0,0.0,0.0,0.0,0.0,0.0,0.0,Chelsea
Axel Disasi,fr FRA,DF,27,6,4,364.0,1.0,0.0,0.0,1.0,0.0,0.3,0.1,Chelsea
Trevoh Chalobah,eng ENG,DF,25,6,4,296.0,0.0,1.0,0.0,0.0,0.0,0.2,1.1,Chelsea
João Félix,pt POR,"FW,MF",25,12,3,369.0,1.0,1.0,0.0,2.0,0.0,2.2,1.0,Chelsea
Benoît Badiashile,fr FRA,DF,23,5,3,334.0,0.0,0.0,0.0,0.0,0.0,0.0,0.0,Chelsea
Joshua Acheampong,eng ENG,DF,18,4,2,170.0,0.0,0.0,0.0,1.0,0.0,0.2,0.0,Chelsea
Kiernan Dewsbury-Hall,eng ENG,"MF,FW",26,9,1,199.0,0.0,1.0,0.0,0.0,0.0,0.2,1.0,Chelsea
Renato Veiga,pt POR,"DF,MF",21,7,1,181.0,0.0,0.0,0.0,2.0,0.0,0.1,0.0,Chelsea
Mykhailo Mudryk,ua UKR,FW,24,7,1,151.0,0.0,0.0,0.0,0.0,0.0,0.3,1.0,Chelsea
Tyrique George,eng ENG,FW,19,5,0,89.0,0.0,1.0,0.0,1.0,0.0,0.1,0.7,Chelsea
Marc Guiu,es ESP,FW,19,3,0,73.0,0.0,0.0,0.0,0.0,0.0,0.0,0.0,Chelsea
Mathis Amougou,fr FRA,MF,19,1,0,8.0,0.0,0.0,0.0,0.0,0.0,0.0,0.0,Chelsea
Shumaira Mheuka,eng ENG,MF,17,1,0,1.0,0.0,0.0,0.0,0.0,0.0,0.1,0.0,Chelsea
Aaron Anselmino,ar ARG,DF,19,0,0,0.0,0.0,0.0,0.0,0.0,0.0,0.0,0.0,Chelsea
Genesis Antwi,se SWE,MF,17,0,0,0.0,0.0,0.0,0.0,0.0,0.0,0.0,0.0,Chelsea
Marcus Bettinelli,eng ENG,GK,32,0,0,0.0,0.0,0.0,0.0,0.0,0.0,0.0,0.0,Chelsea
Cesare Casadei,it ITA,MF,22,0,0,0.0,0.0,0.0,0.0,0.0,0.0,0.0,0.0,Chelsea
Samuel Rak-Sakyi,eng ENG,MF,19,0,0,0.0,0.0,0.0,0.0,0.0,0.0,0.0,0.0,Chelsea
Ishé Samuels-Smith,eng ENG,DF,18,0,0,0.0,0.0,0.0,0.0,0.0,0.0,0.0,0.0,Chelsea
Erling Haaland,no NOR,FW,24,0,28,2480.0,21.0,3.0,2.0,2.0,0.0,20.8,2.8,Manchester-City
Joško Gvardiol,hr CRO,DF,23,0,27,2468.0,5.0,0.0,0.0,1.0,0.0,4.2,1.9,Manchester-City
Bernardo Silva,pt POR,"MF,FW",30,0,22,2041.0,2.0,4.0,0.0,5.0,0.0,3.0,4.2,Manchester-City
Manuel Akanji,ch SUI,DF,29,0,20,1707.0,0.0,0.0,0.0,3.0,0.0,0.7,0.4,Manchester-City
Ederson,br BRA,GK,31,0,19,1710.0,0.0,3.0,0.0,3.0,0.0,0.0,0.8,Manchester-City
Rico Lewis,eng ENG,"DF,MF",20,0,19,1702.0,1.0,2.0,0.0,5.0,1.0,1.4,0.3,Manchester-City
Mateo Kovačić,hr CRO,MF,30,0,19,1681.0,4.0,1.0,0.0,5.0,0.0,1.4,3.4,Manchester-City
Sávio,br BRA,"FW,MF",20,0,19,1564.0,1.0,7.0,0.0,3.0,0.0,4.6,5.7,Manchester-City
Phil Foden,eng ENG,"MF,FW",24,0,18,1629.0,7.0,2.0,0.0,2.0,0.0,4.9,4.7,Manchester-City
İlkay Gündoğan,de GER,MF,34,0,17,1535.0,0.0,3.0,0.0,1.0,0.0,1.7,2.3,Manchester-City
Rúben Dias,pt POR,DF,27,0,16,1461.0,0.0,0.0,0.0,3.0,0.0,1.3,0.3,Manchester-City
Jeremy Doku,be BEL,"FW,MF",22,0,13,1163.0,3.0,4.0,0.0,1.0,0.0,1.0,3.2,Manchester-City
Kevin De Bruyne,be BEL,MF,33,0,12,1103.0,2.0,6.0,0.0,2.0,0.0,2.6,6.1,Manchester-City
Matheus Nunes,pt POR,"DF,MF",26,0,12,1044.0,0.0,4.0,0.0,3.0,0.0,0.5,3.3,Manchester-City
Stefan Ortega,de GER,GK,32,0,10,900.0,0.0,0.0,0.0,1.0,0.0,0.0,0.0,Manchester-City
Kyle Walker,eng ENG,DF,34,0,9,970.0,0.0,0.0,0.0,3.0,0.0,0.1,0.4,Manchester-City
Nathan Aké,nl NED,DF,30,0,8,678.0,0.0,0.0,0.0,0.0,0.0,0.2,0.0,Manchester-City
Jack Grealish,eng ENG,"FW,MF",29,0,6,609.0,0.0,1.0,0.0,3.0,0.0,0.8,1.7,Manchester-City
John Stones,eng ENG,"DF,MF",30,0,6,548.0,2.0,0.0,0.0,1.0,0.0,0.4,0.1,Manchester-City
Abdukodir Khusanov,uz UZB,DF,21,0,6,503.0,0.0,0.0,0.0,1.0,0.0,0.0,0.1,Manchester-City
Omar Marmoush,eg EGY,"MF,FW",26,0,6,475.0,4.0,0.0,0.0,0.0,0.0,1.1,1.0,Manchester-City
Nicolás González,es ESP,MF,23,0,5,390.0,0.0,0.0,0.0,1.0,0.0,0.2,0.1,Manchester-City
Jahmai Simpson-Pusey,eng ENG,DF,19,0,1,96.0,0.0,0.0,0.0,1.0,0.0,0.0,0.0,Manchester-City
Rodri,es ESP,MF,28,0,1,65.0,0.0,0.0,0.0,0.0,0.0,0.0,0.0,Manchester-City
James Mcatee,eng ENG,"MF,FW",22,0,0,130.0,2.0,0.0,0.0,0.0,0.0,1.3,0.0,Manchester-City
Divin Mubama,eng ENG,FW,20,0,0,28.0,0.0,0.0,0.0,0.0,0.0,0.0,0.0,Manchester-City
Nico O’Reilly,eng ENG,"MF,DF",20,0,0,23.0,0.0,0.0,0.0,0.0,0.0,0.0,0.0,Manchester-City
Max Alleyne,eng ENG,DF,19,0,0,0.0,0.0,0.0,0.0,0.0,0.0,0.0,0.0,Manchester-City
Thorsten Brits,eng ENG,GK,17,0,0,0.0,0.0,0.0,0.0,0.0,0.0,0.0,0.0,Manchester-City
Scott Carson,eng ENG,GK,39,0,0,0.0,0.0,0.0,0.0,0.0,0.0,0.0,0.0,Manchester-City
Issa Kaboré,bf BFA,"DF,MF",23,0,0,0.0,0.0,0.0,0.0,0.0,0.0,0.0,0.0,Manchester-City
Vitor Reis,br BRA,DF,19,0,0,0.0,0.0,0.0,0.0,0.0,0.0,0.0,0.0,Manchester-City
Josh Wilson-Esbrand,eng ENG,DF,22,0,0,0.0,0.0,0.0,0.0,0.0,0.0,0.0,0.0,Manchester-City
Jacob Wright,eng ENG,MF,19,0,0,0.0,0.0,0.0,0.0,0.0,0.0,0.0,0.0,Manchester-City
Bruno Guimarães,br BRA,MF,27,28,28,2423.0,3.0,6.0,0.0,4.0,0.0,2.8,5.1,Newcastle-United
Dan Burn,eng ENG,DF,32,27,27,2430.0,0.0,0.0,0.0,8.0,0.0,1.1,0.5,Newcastle-United
Anthony Gordon,eng ENG,FW,24,26,25,2108.0,6.0,5.0,1.0,2.0,0.0,7.8,4.9,Newcastle-United
Alexander Isak,se SWE,FW,25,25,25,2052.0,19.0,5.0,2.0,1.0,0.0,15.6,3.8,Newcastle-United
Lewis Hall,eng ENG,DF,20,27,24,2189.0,0.0,4.0,0.0,3.0,0.0,0.4,4.3,Newcastle-United
Joelinton,br BRA,"MF,FW",28,24,24,2004.0,4.0,1.0,0.0,9.0,0.0,3.7,1.6,Newcastle-United
Fabian Schär,ch SUI,DF,33,24,23,2052.0,2.0,0.0,0.0,5.0,1.0,1.6,0.3,Newcastle-United
Valentino Livramento,eng ENG,DF,22,27,22,1940.0,0.0,0.0,0.0,1.0,0.0,0.1,1.1,Newcastle-United
Jacob Murphy,eng ENG,FW,30,25,21,1680.0,5.0,8.0,0.0,3.0,0.0,3.8,6.3,Newcastle-United
Sandro Tonali,it ITA,MF,24,26,18,1730.0,1.0,1.0,0.0,5.0,0.0,3.1,0.6,Newcastle-United
Nick Pope,eng ENG,GK,32,18,18,1620.0,0.0,0.0,0.0,2.0,0.0,0.0,0.0,Newcastle-United
Martin Dúbravka,sk SVK,GK,36,10,10,900.0,0.0,0.0,0.0,0.0,0.0,0.0,0.0,Newcastle-United
Joe Willock,eng ENG,"MF,FW",25,25,9,818.0,0.0,2.0,0.0,2.0,0.0,0.9,1.6,Newcastle-United
Sean Longstaff,eng ENG,MF,27,21,8,746.0,0.0,0.0,0.0,2.0,0.0,0.6,0.2,Newcastle-United
Harvey Barnes,eng ENG,FW,27,23,7,903.0,5.0,2.0,0.0,0.0,0.0,3.4,2.9,Newcastle-United
Kieran Trippier,eng ENG,DF,34,17,7,698.0,0.0,0.0,0.0,1.0,0.0,0.0,0.5,Newcastle-United
Lloyd Kelly,eng ENG,DF,26,10,4,303.0,0.0,1.0,0.0,2.0,0.0,0.4,0.5,Newcastle-United
Sven Botman,nl NED,DF,25,3,3,224.0,0.0,0.0,0.0,1.0,0.0,0.0,0.0,Newcastle-United
Emil Krafth,se SWE,DF,30,4,2,242.0,0.0,0.0,0.0,0.0,0.0,0.0,0.1,Newcastle-United
Lewis Miley,eng ENG,MF,18,8,1,192.0,1.0,0.0,0.0,0.0,0.0,0.5,0.0,Newcastle-United
Callum Wilson,eng ENG,"FW,MF",33,8,1,163.0,0.0,0.0,0.0,1.0,0.0,0.2,0.0,Newcastle-United
Miguel Almirón,py PAR,FW,31,9,1,157.0,0.0,0.0,0.0,0.0,0.0,0.5,0.3,Newcastle-United
William Osula,dk DEN,FW,21,10,0,71.0,0.0,0.0,0.0,0.0,0.0,0.0,0.1,Newcastle-United
Matt Targett,eng ENG,DF,29,1,0,12.0,0.0,0.0,0.0,0.0,0.0,0.0,0.0,Newcastle-United
Alex Murphy,ie IRL,DF,20,0,0,0.0,0.0,0.0,0.0,0.0,0.0,0.0,0.0,Newcastle-United
Sean Neave,eng ENG,FW,17,0,0,0.0,0.0,0.0,0.0,0.0,0.0,0.0,0.0,Newcastle-United
John Ruddy,eng ENG,GK,38,0,0,0.0,0.0,0.0,0.0,0.0,0.0,0.0,0.0,Newcastle-United
Odisseas Vlachodimos,gr GRE,GK,30,0,0,0.0,0.0,0.0,0.0,0.0,0.0,0.0,0.0,Newcastle-United
Bart Verbruggen,nl NED,GK,22,0,27,2430.0,0.0,1.0,0.0,5.0,0.0,0.0,0.0,Brighton-and-Hove-Albion
Jan Paul van Hecke,nl NED,DF,24,0,26,2330.0,1.0,1.0,0.0,5.0,0.0,1.2,1.5,Brighton-and-Hove-Albion
Kaoru Mitoma,jp JPN,"FW,MF",27,0,26,2315.0,7.0,3.0,0.0,1.0,0.0,7.3,4.3,Brighton-and-Hove-Albion
Carlos Baleba,cm CMR,MF,21,0,23,1948.0,2.0,1.0,0.0,8.0,1.0,2.9,1.1,Brighton-and-Hove-Albion
João Pedro,br BRA,"FW,MF",23,0,20,1699.0,8.0,6.0,3.0,4.0,0.0,7.1,4.3,Brighton-and-Hove-Albion
Georginio Rutter,fr FRA,"MF,FW",22,0,19,1656.0,5.0,3.0,0.0,2.0,0.0,4.6,2.5,Brighton-and-Hove-Albion
Joël Veltman,nl NED,DF,33,0,19,1643.0,0.0,0.0,0.0,4.0,0.0,0.5,0.5,Brighton-and-Hove-Albion
Pervis Estupiñán,ec ECU,DF,27,0,18,1692.0,1.0,1.0,0.0,3.0,0.0,0.6,1.8,Brighton-and-Hove-Albion
Lewis Dunk,eng ENG,DF,33,0,17,1562.0,0.0,0.0,0.0,4.0,0.0,0.7,0.5,Brighton-and-Hove-Albion
Danny Welbeck,eng ENG,FW,34,0,17,1487.0,7.0,4.0,0.0,2.0,0.0,6.7,1.0,Brighton-and-Hove-Albion
Yasin Ayari,se SWE,MF,21,0,16,1443.0,0.0,1.0,0.0,3.0,0.0,1.5,2.1,Brighton-and-Hove-Albion
Jack Hinshelwood,eng ENG,"DF,MF",19,0,15,1255.0,2.0,0.0,0.0,3.0,0.0,1.4,0.8,Brighton-and-Hove-Albion
Yankuba Minteh,gm GAM,"FW,MF",20,0,13,1266.0,5.0,3.0,0.0,6.0,0.0,3.3,4.0,Brighton-and-Hove-Albion
Igor,br BRA,DF,27,0,9,903.0,0.0,0.0,0.0,4.0,0.0,0.0,0.2,Brighton-and-Hove-Albion
Tariq Lamptey,gh GHA,DF,24,0,9,765.0,2.0,2.0,0.0,0.0,0.0,0.4,0.8,Brighton-and-Hove-Albion
Adam Webster,eng ENG,DF,30,0,8,617.0,0.0,0.0,0.0,0.0,0.0,0.0,0.5,Brighton-and-Hove-Albion
Simon Adingra,ci CIV,"FW,MF",23,0,6,625.0,2.0,1.0,0.0,0.0,0.0,1.5,1.1,Brighton-and-Hove-Albion
Matt O'Riley,dk DEN,MF,24,0,5,475.0,1.0,1.0,0.0,1.0,0.0,1.2,1.2,Brighton-and-Hove-Albion
Brajan Gruda,de GER,"FW,MF",20,0,5,387.0,0.0,1.0,0.0,0.0,0.0,0.3,0.6,Brighton-and-Hove-Albion
Ferdi Kadioglu,tr TUR,"DF,MF",25,0,5,385.0,1.0,0.0,0.0,1.0,0.0,0.4,0.2,Brighton-and-Hove-Albion
Mats Wieffer,nl NED,MF,25,0,4,494.0,1.0,1.0,0.0,4.0,0.0,0.5,0.6,Brighton-and-Hove-Albion
James Milner,eng ENG,MF,39,0,3,169.0,0.0,0.0,0.0,1.0,0.0,0.2,0.2,Brighton-and-Hove-Albion
Julio Enciso,py PAR,"MF,FW",21,0,2,294.0,0.0,0.0,0.0,0.0,0.0,1.0,0.2,Brighton-and-Hove-Albion
Diego Gómez,py PAR,MF,21,0,2,254.0,0.0,0.0,0.0,0.0,0.0,0.3,0.4,Brighton-and-Hove-Albion
Evan Ferguson,ie IRL,FW,20,0,2,246.0,1.0,0.0,0.0,0.0,0.0,0.5,0.4,Brighton-and-Hove-Albion
Jason Steele,eng ENG,GK,34,0,2,180.0,0.0,0.0,0.0,0.0,0.0,0.0,0.0,Brighton-and-Hove-Albion
Billy Gilmour,sct SCO,MF,23,0,1,98.0,0.0,0.0,0.0,0.0,0.0,0.1,0.0,Brighton-and-Hove-Albion
Solly March,eng ENG,"MF,FW",30,0,0,40.0,0.0,0.0,0.0,1.0,0.0,0.1,0.0,Brighton-and-Hove-Albion
Jakub Moder,pl POL,MF,25,0,0,11.0,0.0,0.0,0.0,0.0,0.0,0.0,0.2,Brighton-and-Hove-Albion
Jeremy Sarmiento,ec ECU,MF,22,0,0,9.0,0.0,0.0,0.0,0.0,0.0,0.0,0.0,Brighton-and-Hove-Albion
Valentín Barco,ar ARG,DF,20,0,0,0.0,0.0,0.0,0.0,0.0,0.0,0.0,0.0,Brighton-and-Hove-Albion
Killian Cahill,ie IRL,GK,21,0,0,0.0,0.0,0.0,0.0,0.0,0.0,0.0,0.0,Brighton-and-Hove-Albion
Eiran Cashin,ie IRL,DF,23,0,0,0.0,0.0,0.0,0.0,0.0,0.0,0.0,0.0,Brighton-and-Hove-Albion
Joe Knight,eng ENG,MF,19,0,0,0.0,0.0,0.0,0.0,0.0,0.0,0.0,0.0,Brighton-and-Hove-Albion
Ruairi Mcconville,nir NIR,DF,19,0,0,0.0,0.0,0.0,0.0,0.0,0.0,0.0,0.0,Brighton-and-Hove-Albion
Mark O'Mahony,ie IRL,FW,20,0,0,0.0,0.0,0.0,0.0,0.0,0.0,0.0,0.0,Brighton-and-Hove-Albion
Carl Rushworth,eng ENG,GK,23,0,0,0.0,0.0,0.0,0.0,0.0,0.0,0.0,0.0,Brighton-and-Hove-Albion
Imari Samuels,eng ENG,DF,22,0,0,0.0,0.0,0.0,0.0,0.0,0.0,0.0,0.0,Brighton-and-Hove-Albion
Jacob Slater,eng ENG,DF,20,0,0,0.0,0.0,0.0,0.0,0.0,0.0,0.0,0.0,Brighton-and-Hove-Albion
Bernd Leno,de GER,GK,33,29,29,2610.0,0.0,1.0,0.0,3.0,0.0,0.0,0.1,Fulham
Antonee Robinson,us USA,DF,27,29,28,2539.0,0.0,10.0,0.0,7.0,0.0,0.7,3.8,Fulham
Alex Iwobi,ng NGA,"FW,MF",28,29,28,2358.0,7.0,4.0,0.0,1.0,0.0,3.9,5.7,Fulham
Calvin Bassey,ng NGA,DF,25,28,27,2444.0,1.0,0.0,0.0,5.0,0.0,1.0,0.1,Fulham
Raúl Jiménez,mx MEX,FW,33,29,23,1836.0,10.0,3.0,3.0,3.0,0.0,10.3,2.8,Fulham
Emile Smith Rowe,eng ENG,MF,24,26,22,1724.0,5.0,2.0,0.0,1.0,0.0,4.1,1.1,Fulham
Saša Lukić,rs SRB,MF,28,22,21,1738.0,0.0,2.0,0.0,10.0,0.0,0.8,2.6,Fulham
Joachim Andersen,dk DEN,DF,28,20,20,1773.0,0.0,0.0,0.0,4.0,1.0,0.4,0.3,Fulham
Andreas Pereira,br BRA,MF,29,26,19,1577.0,2.0,4.0,0.0,7.0,0.0,3.3,3.7,Fulham
Sander Berge,no NOR,MF,27,22,18,1644.0,0.0,0.0,0.0,4.0,0.0,0.2,0.6,Fulham
Adama Traoré,es ESP,"FW,MF",29,27,15,1407.0,2.0,5.0,0.0,2.0,0.0,3.7,4.1,Fulham
Kenny Tete,nl NED,DF,29,15,15,1262.0,0.0,2.0,0.0,3.0,0.0,1.0,0.7,Fulham
Timothy Castagne,be BEL,DF,29,19,14,1342.0,0.0,1.0,0.0,1.0,0.0,0.4,1.2,Fulham
Issa Diop,fr FRA,DF,28,20,14,1263.0,0.0,0.0,0.0,2.0,0.0,0.5,0.1,Fulham
Harry Wilson,wls WAL,"FW,MF",28,19,8,839.0,5.0,1.0,0.0,2.0,0.0,3.2,1.0,Fulham
Rodrigo Muniz,br BRA,FW,23,28,6,819.0,6.0,1.0,0.0,1.0,0.0,4.7,0.7,Fulham
Reiss Nelson,eng ENG,FW,25,11,5,487.0,1.0,1.0,0.0,1.0,0.0,1.1,1.0,Fulham
Tom Cairney,sct SCO,MF,34,19,2,438.0,1.0,0.0,0.0,2.0,1.0,0.1,0.7,Fulham
Jorge Cuenca,es ESP,DF,25,5,2,169.0,0.0,0.0,0.0,0.0,0.0,0.0,0.0,Fulham
Willian,br BRA,"FW,MF",36,5,1,131.0,0.0,0.0,0.0,0.0,0.0,0.1,0.2,Fulham
Ryan Sessegnon,eng ENG,"DF,MF",24,7,1,96.0,2.0,0.0,0.0,0.0,0.0,0.5,0.4,Fulham
Joshua King,eng ENG,"MF,FW",18,5,1,80.0,0.0,0.0,0.0,0.0,0.0,0.2,0.4,Fulham
Harrison Reed,eng ENG,MF,30,10,0,78.0,0.0,0.0,0.0,2.0,0.0,0.1,0.1,Fulham
Martial Godo,eng ENG,FW,22,1,0,16.0,0.0,0.0,0.0,0.0,0.0,0.0,0.0,Fulham
Carlos Vinícius,br BRA,MF,29,1,0,4.0,0.0,0.0,0.0,0.0,0.0,0.0,0.0,Fulham
Jay Stansfield,eng ENG,MF,22,1,0,1.0,0.0,0.0,0.0,0.0,0.0,0.0,0.0,Fulham
Samuel Amissah,eng ENG,DF,18,0,0,0.0,0.0,0.0,0.0,0.0,0.0,0.0,0.0,Fulham
Steven Benda,de GER,GK,26,0,0,0.0,0.0,0.0,0.0,0.0,0.0,0.0,0.0,Fulham
Youri Tielemans,be BEL,MF,27,29,29,2491.0,2.0,4.0,0.0,4.0,0.0,2.6,5.7,Aston-Villa
Emiliano Martínez,ar ARG,GK,32,28,28,2430.0,0.0,0.0,0.0,2.0,0.0,0.0,0.0,Aston-Villa
Morgan Rogers,eng ENG,"MF,FW",22,28,28,2336.0,7.0,4.0,0.0,8.0,0.0,4.8,5.2,Aston-Villa
Ezri Konsa,eng ENG,DF,27,25,25,2171.0,1.0,0.0,0.0,0.0,0.0,0.7,0.2,Aston-Villa
Lucas Digne,fr FRA,DF,31,28,25,2061.0,0.0,4.0,0.0,3.0,0.0,0.8,4.0,Aston-Villa
Ollie Watkins,eng ENG,FW,29,29,25,2055.0,13.0,6.0,2.0,0.0,0.0,13.9,2.7,Aston-Villa
John McGinn,sct SCO,"MF,FW",30,25,22,1777.0,0.0,3.0,0.0,6.0,0.0,2.0,2.7,Aston-Villa
Pau Torres,es ESP,DF,28,18,18,1549.0,0.0,0.0,0.0,1.0,0.0,0.5,0.0,Aston-Villa
Matty Cash,pl POL,"DF,FW",27,19,16,1396.0,1.0,1.0,0.0,6.0,0.0,0.2,1.0,Aston-Villa
Jacob Ramsey,eng ENG,"FW,MF",23,21,15,1248.0,1.0,3.0,0.0,1.0,0.0,1.3,1.8,Aston-Villa
Leon Bailey,jm JAM,"FW,MF",27,23,14,1138.0,1.0,2.0,0.0,3.0,0.0,1.7,1.5,Aston-Villa
Amadou Onana,be BEL,MF,23,17,14,1079.0,2.0,0.0,0.0,4.0,0.0,1.8,0.2,Aston-Villa
Boubacar Kamara,fr FRA,MF,25,17,13,1081.0,0.0,0.0,0.0,2.0,0.0,0.3,0.3,Aston-Villa
Diego Carlos,br BRA,DF,32,10,8,830.0,0.0,0.0,0.0,1.0,0.0,0.6,0.0,Aston-Villa
Tyrone Mings,eng ENG,DF,32,10,8,781.0,0.0,0.0,0.0,1.0,0.0,0.6,0.2,Aston-Villa
Lamare Bogarde,nl NED,"DF,MF",21,8,5,476.0,0.0,0.0,0.0,2.0,0.0,0.0,0.1,Aston-Villa
Jáder Durán,co COL,FW,21,20,4,638.0,7.0,0.0,0.0,3.0,1.0,4.9,0.2,Aston-Villa
Ian Maatsen,nl NED,DF,23,22,4,617.0,0.0,1.0,0.0,2.0,0.0,0.2,1.6,Aston-Villa
Axel Disasi,fr FRA,DF,27,4,4,360.0,0.0,0.0,0.0,1.0,0.0,0.1,0.4,Aston-Villa
Andrés García,es ESP,"DF,MF",22,5,4,267.0,0.0,0.0,0.0,0.0,0.0,0.0,0.1,Aston-Villa
Ross Barkley,eng ENG,MF,31,16,3,554.0,3.0,1.0,0.0,3.0,0.0,1.7,0.6,Aston-Villa
Jaden Philogene Bidace,eng ENG,"FW,MF",23,11,2,332.0,0.0,0.0,0.0,4.0,1.0,0.5,0.3,Aston-Villa
Marco Asensio,es ESP,"MF,FW",29,4,2,207.0,2.0,0.0,0.0,0.0,0.0,1.4,0.2,Aston-Villa
Marcus Rashford,eng ENG,FW,27,5,1,202.0,0.0,2.0,0.0,0.0,0.0,0.3,1.9,Aston-Villa
Robin Olsen,se SWE,GK,35,3,1,180.0,0.0,0.0,0.0,0.0,0.0,0.0,0.0,Aston-Villa
Donyell Malen,nl NED,FW,26,6,1,170.0,0.0,0.0,0.0,0.0,0.0,0.6,0.0,Aston-Villa
Kosta Nedeljković,rs SRB,DF,19,5,0,126.0,0.0,0.0,0.0,0.0,0.0,0.0,0.0,Aston-Villa
Emi Buendía,ar ARG,"MF,FW",28,12,0,98.0,0.0,0.0,0.0,1.0,0.0,0.7,0.0,Aston-Villa
Benjamin Broggio,eng ENG,FW,18,0,0,0.0,0.0,0.0,0.0,0.0,0.0,0.0,0.0,Aston-Villa
Joe Gauci,au AUS,GK,24,0,0,0.0,0.0,0.0,0.0,0.0,0.0,0.0,0.0,Aston-Villa
Jamaldeen Jimoh,eng ENG,MF,18,0,0,0.0,0.0,0.0,0.0,0.0,0.0,0.0,0.0,Aston-Villa
Sil Swinkels,nl NED,DF,21,0,0,0.0,0.0,0.0,0.0,0.0,0.0,0.0,0.0,Aston-Villa
Kadan Young,eng ENG,MF,19,0,0,0.0,0.0,0.0,0.0,0.0,0.0,0.0,0.0,Aston-Villa
Oliwier Zych,pl POL,GK,20,0,0,0.0,0.0,0.0,0.0,0.0,0.0,0.0,0.0,Aston-Villa
Milos Kerkez,hu HUN,DF,21,29,29,2537.0,2.0,5.0,0.0,4.0,0.0,0.5,3.2,Bournemouth
Antoine Semenyo,gh GHA,FW,25,28,28,2465.0,7.0,4.0,0.0,9.0,0.0,8.6,5.1,Bournemouth
Illia Zabarnyi,ua UKR,DF,22,27,27,2364.0,0.0,0.0,0.0,3.0,1.0,0.8,0.5,Bournemouth
Lewis Cook,eng ENG,"MF,DF",28,28,26,2392.0,1.0,3.0,0.0,6.0,0.0,0.6,3.6,Bournemouth
Ryan Christie,sct SCO,MF,30,28,26,2060.0,2.0,3.0,0.0,9.0,0.0,1.8,3.4,Bournemouth
Justin Kluivert,nl NED,"MF,FW",25,28,24,1936.0,12.0,6.0,6.0,6.0,0.0,9.9,4.7,Bournemouth
Kepa Arrizabalaga,es ESP,GK,30,22,22,1980.0,0.0,0.0,0.0,3.0,0.0,0.1,0.0,Bournemouth
Evanilson,br BRA,FW,25,22,19,1544.0,6.0,0.0,0.0,0.0,0.0,7.9,1.4,Bournemouth
Dean Huijsen,es ESP,DF,19,23,18,1694.0,2.0,0.0,0.0,6.0,0.0,1.6,1.1,Bournemouth
Marcus Tavernier,eng ENG,"FW,MF",26,22,16,1505.0,3.0,5.0,0.0,5.0,0.0,5.2,2.8,Bournemouth
Dango Ouattara,bf BFA,FW,23,26,15,1518.0,7.0,4.0,0.0,1.0,0.0,7.2,4.5,Bournemouth
Tyler Adams,us USA,MF,26,19,13,1245.0,0.0,3.0,0.0,4.0,0.0,1.2,0.8,Bournemouth
Adam Smith,eng ENG,DF,33,17,12,1035.0,0.0,0.0,0.0,4.0,0.0,0.6,0.1,Bournemouth
Marcos Senesi,ar ARG,DF,27,11,11,917.0,0.0,0.0,0.0,4.0,0.0,0.8,0.2,Bournemouth
David Brooks,wls WAL,FW,27,22,8,736.0,2.0,0.0,0.0,3.0,0.0,2.2,1.6,Bournemouth
James Hill,eng ENG,DF,23,9,6,424.0,0.0,1.0,0.0,1.0,0.0,0.3,0.2,Bournemouth
Mark Travers,ie IRL,GK,25,5,5,450.0,0.0,0.0,0.0,0.0,0.0,0.0,0.0,Bournemouth
Julian Araujo,mx MEX,DF,23,8,5,355.0,0.0,0.0,0.0,1.0,0.0,0.0,0.0,Bournemouth
Alex Scott,eng ENG,MF,21,12,2,380.0,0.0,0.0,0.0,1.0,0.0,0.3,0.3,Bournemouth
Enes Ünal,tr TUR,"FW,MF",27,17,2,345.0,2.0,1.0,0.0,2.0,0.0,2.7,0.4,Bournemouth
Neto,br BRA,GK,35,2,2,180.0,0.0,0.0,0.0,0.0,0.0,0.0,0.0,Bournemouth
Luis Sinisterra,co COL,"FW,MF",25,12,1,236.0,1.0,1.0,0.0,0.0,0.0,1.2,1.4,Bournemouth
Philip Billing,dk DEN,MF,28,10,1,184.0,0.0,0.0,0.0,1.0,0.0,0.6,1.1,Bournemouth
Max Aarons,eng ENG,DF,25,3,1,86.0,0.0,0.0,0.0,0.0,0.0,0.0,0.0,Bournemouth
Daniel Jebbison,eng ENG,FW,21,9,0,70.0,0.0,0.0,0.0,1.0,0.0,0.2,0.2,Bournemouth
Ben Winterburn,eng ENG,MF,20,2,0,10.0,0.0,0.0,0.0,0.0,0.0,0.0,0.0,Bournemouth
Remy Rees-Dottin,eng ENG,FW,19,1,0,1.0,0.0,0.0,0.0,0.0,0.0,0.0,0.0,Bournemouth
Zain Silcott-Duberry,ms MSR,FW,19,1,0,1.0,0.0,0.0,0.0,0.0,0.0,0.0,0.0,Bournemouth
Daniel Adu-Adjei,eng ENG,FW,19,0,0,0.0,0.0,0.0,0.0,0.0,0.0,0.0,0.0,Bournemouth
Matai Akinmboni,us USA,DF,18,0,0,0.0,0.0,0.0,0.0,0.0,0.0,0.0,0.0,Bournemouth
Jaidon Anthony,eng ENG,"FW,MF",25,0,0,0.0,0.0,0.0,0.0,0.0,0.0,0.0,0.0,Bournemouth
Will Dennis,eng ENG,GK,24,0,0,0.0,0.0,0.0,0.0,0.0,0.0,0.0,0.0,Bournemouth
Archie Harris,eng ENG,DF,20,0,0,0.0,0.0,0.0,0.0,0.0,0.0,0.0,0.0,Bournemouth
Hamed Junior Traorè,ci CIV,"FW,MF",25,0,0,0.0,0.0,0.0,0.0,0.0,0.0,0.0,0.0,Bournemouth
Callan Mckenna,sct SCO,GK,18,0,0,0.0,0.0,0.0,0.0,0.0,0.0,0.0,0.0,Bournemouth
Dominic Sadi,eng ENG,MF,21,0,0,0.0,0.0,0.0,0.0,0.0,0.0,0.0,0.0,Bournemouth
Julio Soler,ar ARG,DF,20,0,0,0.0,0.0,0.0,0.0,0.0,0.0,0.0,0.0,Bournemouth
Maxwell Wellings,eng ENG,DF,20,0,0,0.0,0.0,0.0,0.0,0.0,0.0,0.0,0.0,Bournemouth
Nathan Collins,ie IRL,DF,23,29,29,2610.0,2.0,1.0,0.0,4.0,0.0,2.3,1.4,Brentford
Bryan Mbeumo,cm CMR,FW,25,29,29,2604.0,15.0,5.0,4.0,2.0,0.0,9.0,6.7,Brentford
Mark Flekken,nl NED,GK,31,28,28,2465.0,0.0,1.0,0.0,1.0,0.0,0.0,0.2,Brentford
Keane Lewis-Potter,eng ENG,"DF,FW",24,29,27,2369.0,1.0,2.0,0.0,4.0,0.0,2.5,2.0,Brentford
Mikkel Damsgaard,dk DEN,"MF,FW",24,29,26,2216.0,2.0,10.0,0.0,2.0,0.0,2.3,7.1,Brentford
Yoane Wissa,cd COD,FW,28,26,25,2110.0,14.0,2.0,0.0,2.0,0.0,13.6,1.6,Brentford
Vitaly Janelt,de GER,MF,26,28,25,2099.0,1.0,3.0,0.0,3.0,0.0,0.8,2.2,Brentford
Christian Nørgaard,dk DEN,MF,31,25,25,2010.0,4.0,2.0,0.0,4.0,1.0,3.1,0.8,Brentford
Ethan Pinnock,jm JAM,DF,31,21,20,1831.0,2.0,0.0,0.0,2.0,0.0,0.9,1.2,Brentford
Sepp van den Berg,nl NED,DF,23,22,20,1776.0,0.0,0.0,0.0,1.0,0.0,0.8,0.2,Brentford
Kevin Schade,de GER,FW,23,29,17,1575.0,7.0,2.0,0.0,2.0,0.0,5.8,2.7,Brentford
Kristoffer Ajer,no NOR,DF,26,16,15,1205.0,0.0,0.0,0.0,4.0,0.0,0.7,1.2,Brentford
Mads Roerslev,dk DEN,DF,25,19,11,1101.0,0.0,2.0,0.0,2.0,0.0,0.2,3.0,Brentford
Mathias Jensen,dk DEN,MF,29,16,8,736.0,0.0,1.0,0.0,1.0,0.0,0.2,1.5,Brentford
Yehor Yarmoliuk,ua UKR,MF,21,22,7,795.0,0.0,0.0,0.0,3.0,0.0,0.6,0.3,Brentford
Fabio Carvalho,pt POR,"FW,MF",22,19,3,455.0,2.0,1.0,0.0,1.0,0.0,2.5,0.7,Brentford
Ben Mee,eng ENG,DF,35,7,2,183.0,0.0,0.0,0.0,2.0,0.0,0.0,0.0,Brentford
Hákon Rafn Valdimarsson,is ISL,GK,23,2,1,145.0,0.0,0.0,0.0,0.0,0.0,0.0,0.0,Brentford
Thiago,br BRA,FW,23,4,1,132.0,0.0,0.0,0.0,0.0,0.0,0.1,0.1,Brentford
Edmond-Paris Maghoma,eng ENG,"MF,FW",23,7,0,111.0,0.0,0.0,0.0,0.0,0.0,0.1,0.1,Brentford
Michael Kayode,it ITA,DF,20,4,0,33.0,0.0,0.0,0.0,0.0,0.0,0.0,0.2,Brentford
Yunus Emre Konak,tr TUR,"FW,MF",19,7,0,31.0,0.0,0.0,0.0,0.0,0.0,0.2,0.0,Brentford
Kim Jisoo,kr KOR,DF,20,3,0,30.0,0.0,0.0,0.0,0.0,0.0,0.0,0.0,Brentford
Frank Onyeka,ng NGA,MF,27,2,0,25.0,0.0,0.0,0.0,0.0,0.0,0.0,0.0,Brentford
Jayden Meghoma,eng ENG,DF,18,1,0,5.0,0.0,0.0,0.0,0.0,0.0,0.0,0.0,Brentford
Rico Henry,eng ENG,DF,27,1,0,4.0,0.0,0.0,0.0,0.0,0.0,0.0,0.0,Brentford
Ryan Trevitt,eng ENG,MF,22,1,0,4.0,0.0,0.0,0.0,0.0,0.0,0.0,0.0,Brentford
Benjamin Arthur,eng ENG,DF,19,0,0,0.0,0.0,0.0,0.0,0.0,0.0,0.0,0.0,Brentford
Julian Eyestone,us USA,GK,18,0,0,0.0,0.0,0.0,0.0,0.0,0.0,0.0,0.0,Brentford
Benjamin Fredrick,ng NGA,DF,19,0,0,0.0,0.0,0.0,0.0,0.0,0.0,0.0,0.0,Brentford
Iwan Morgan,wls WAL,FW,19,0,0,0.0,0.0,0.0,0.0,0.0,0.0,0.0,0.0,Brentford
Myles Peart-Harris,eng ENG,MF,22,0,0,0.0,0.0,0.0,0.0,0.0,0.0,0.0,0.0,Brentford
Tony Yogane,eng ENG,MF,19,0,0,0.0,0.0,0.0,0.0,0.0,0.0,0.0,0.0,Brentford
Dean Henderson,eng ENG,GK,28,28,28,2520.0,0.0,0.0,0.0,3.0,0.0,0.0,0.0,Crystal-Palace
Tyrick Mitchell,eng ENG,DF,25,28,28,2400.0,0.0,4.0,0.0,2.0,0.0,1.2,5.3,Crystal-Palace
Marc Guéhi,eng ENG,DF,24,27,27,2430.0,3.0,2.0,0.0,7.0,0.0,1.6,1.1,Crystal-Palace
Daniel Muñoz,co COL,DF,28,27,27,2343.0,3.0,4.0,0.0,7.0,0.0,4.1,3.8,Crystal-Palace
Maxence Lacroix,fr FRA,DF,24,25,25,2245.0,1.0,1.0,0.0,4.0,0.0,2.5,0.4,Crystal-Palace
Jean-Philippe Mateta,fr FRA,FW,27,27,25,2132.0,12.0,2.0,2.0,2.0,0.0,11.3,3.0,Crystal-Palace
Eberechi Eze,eng ENG,"MF,FW",26,24,22,1924.0,2.0,6.0,0.0,1.0,0.0,6.1,4.6,Crystal-Palace
Ismaila Sarr,sn SEN,"MF,FW",27,28,21,1930.0,7.0,3.0,0.0,3.0,0.0,7.8,5.7,Crystal-Palace
Will Hughes,eng ENG,MF,29,24,19,1641.0,0.0,3.0,0.0,10.0,0.0,0.9,2.5,Crystal-Palace
Jefferson Lerma,co COL,MF,30,23,18,1541.0,0.0,0.0,0.0,5.0,0.0,0.9,1.4,Crystal-Palace
Chris Richards,us USA,DF,24,17,15,1338.0,0.0,0.0,0.0,2.0,0.0,0.5,0.1,Crystal-Palace
Trevoh Chalobah,eng ENG,DF,25,12,12,1060.0,3.0,0.0,0.0,1.0,0.0,1.2,0.4,Crystal-Palace
Daichi Kamada,jp JPN,MF,28,24,10,986.0,0.0,0.0,0.0,2.0,1.0,0.8,1.1,Crystal-Palace
Adam Wharton,eng ENG,MF,20,13,10,843.0,0.0,0.0,0.0,1.0,0.0,0.3,2.0,Crystal-Palace
Eddie Nketiah,eng ENG,"MF,FW",25,20,7,708.0,1.0,1.0,0.0,3.0,0.0,3.3,1.5,Crystal-Palace
Cheick Doucouré,ml MLI,MF,25,13,4,452.0,0.0,0.0,0.0,1.0,0.0,0.4,0.0,Crystal-Palace
Nathaniel Clyne,eng ENG,"DF,MF",33,11,4,397.0,0.0,0.0,0.0,1.0,0.0,0.0,0.1,Crystal-Palace
Justin Devenny,nir NIR,MF,21,14,3,318.0,1.0,0.0,0.0,0.0,0.0,0.5,0.3,Crystal-Palace
Odsonne Édouard,fr FRA,"MF,FW",27,2,1,115.0,0.0,0.0,0.0,0.0,0.0,0.4,0.0,Crystal-Palace
Joachim Andersen,dk DEN,DF,28,1,1,90.0,0.0,0.0,0.0,1.0,0.0,0.0,0.0,Crystal-Palace
Chadi Riad,ma MAR,DF,21,1,1,90.0,0.0,0.0,0.0,0.0,0.0,0.0,0.0,Crystal-Palace
Jeffrey Schlupp,gh GHA,"MF,DF",32,12,0,103.0,0.0,0.0,0.0,0.0,0.0,0.2,0.2,Crystal-Palace
Ben Chilwell,eng ENG,"DF,MF",28,3,0,51.0,0.0,0.0,0.0,1.0,0.0,0.0,0.1,Crystal-Palace
Jordan Ayew,gh GHA,"FW,MF",33,1,0,21.0,0.0,0.0,0.0,1.0,0.0,0.5,0.0,Crystal-Palace
Caleb Kporha,eng ENG,DF,18,2,0,13.0,0.0,0.0,0.0,0.0,0.0,0.0,0.0,Crystal-Palace
Romain Esse,eng ENG,MF,19,2,0,8.0,1.0,0.0,0.0,0.0,0.0,0.3,0.0,Crystal-Palace
Asher Agbinone,eng ENG,MF,19,2,0,6.0,0.0,0.0,0.0,0.0,0.0,0.0,0.0,Crystal-Palace
Naouirou Ahamada,fr FRA,MF,22,0,0,0.0,0.0,0.0,0.0,0.0,0.0,0.0,0.0,Crystal-Palace
Matheus França,br BRA,FW,20,0,0,0.0,0.0,0.0,0.0,0.0,0.0,0.0,0.0,Crystal-Palace
Rob Holding,eng ENG,DF,29,0,0,0.0,0.0,0.0,0.0,0.0,0.0,0.0,0.0,Crystal-Palace
Sam Johnstone,eng ENG,GK,31,0,0,0.0,0.0,0.0,0.0,0.0,0.0,0.0,0.0,Crystal-Palace
Zachariah Marsh,eng ENG,FW,19,0,0,0.0,0.0,0.0,0.0,0.0,0.0,0.0,0.0,Crystal-Palace
Remi Matthews,eng ENG,GK,31,0,0,0.0,0.0,0.0,0.0,0.0,0.0,0.0,0.0,Crystal-Palace
Kaden Rodney,eng ENG,"DF,MF",20,0,0,0.0,0.0,0.0,0.0,0.0,0.0,0.0,0.0,Crystal-Palace
Matt Turner,us USA,GK,30,0,0,0.0,0.0,0.0,0.0,0.0,0.0,0.0,0.0,Crystal-Palace
Franco Umeh-Chibueze,ie IRL,MF,20,0,0,0.0,0.0,0.0,0.0,0.0,0.0,0.0,0.0,Crystal-Palace
Joel Ward,eng ENG,"DF,MF",35,0,0,0.0,0.0,0.0,0.0,0.0,0.0,0.0,0.0,Crystal-Palace
André Onana,cm CMR,GK,28,0,29,2610.0,0.0,0.0,0.0,0.0,0.0,0.0,0.2,Manchester-United
Diogo Dalot,pt POR,DF,26,0,28,2486.0,0.0,2.0,0.0,4.0,0.0,1.9,1.7,Manchester-United
Bruno Fernandes,pt POR,MF,30,0,28,2375.0,8.0,9.0,3.0,4.0,2.0,8.5,6.0,Manchester-United
Noussair Mazraoui,ma MAR,DF,27,0,26,2218.0,0.0,1.0,0.0,2.0,0.0,0.6,1.2,Manchester-United
Matthijs de Ligt,nl NED,DF,25,0,23,1999.0,2.0,0.0,0.0,3.0,0.0,2.3,0.3,Manchester-United
Lisandro Martínez,ar ARG,DF,27,0,20,1751.0,2.0,1.0,0.0,7.0,0.0,1.3,1.1,Manchester-United
Alejandro Garnacho,ar ARG,"MF,FW",20,0,17,1642.0,4.0,1.0,0.0,1.0,0.0,5.7,2.6,Manchester-United
Amad Diallo,ci CIV,"FW,MF",22,0,17,1594.0,6.0,6.0,0.0,3.0,0.0,4.1,3.9,Manchester-United
Rasmus Højlund,dk DEN,FW,22,0,17,1434.0,3.0,0.0,0.0,2.0,0.0,3.0,1.1,Manchester-United
Manuel Ugarte Ribeiro,uy URU,MF,23,0,16,1327.0,1.0,0.0,0.0,8.0,0.0,0.5,0.6,Manchester-United
Harry Maguire,eng ENG,DF,32,0,15,1358.0,1.0,0.0,0.0,7.0,0.0,0.8,0.3,Manchester-United
Kobbie Mainoo,eng ENG,MF,19,0,15,1285.0,0.0,0.0,0.0,5.0,0.0,0.5,1.5,Manchester-United
Casemiro,br BRA,MF,33,0,13,1123.0,1.0,0.0,0.0,2.0,0.0,1.3,2.2,Manchester-United
Joshua Zirkzee,nl NED,"FW,MF",23,0,12,1251.0,3.0,1.0,0.0,2.0,0.0,4.5,1.5,Manchester-United
Marcus Rashford,eng ENG,"FW,MF",27,0,12,978.0,4.0,1.0,0.0,2.0,0.0,1.7,2.1,Manchester-United
Christian Eriksen,dk DEN,MF,33,0,9,781.0,0.0,1.0,0.0,2.0,0.0,0.2,2.3,Manchester-United
Leny Yoro,fr FRA,DF,19,0,7,700.0,0.0,0.0,0.0,3.0,0.0,0.7,0.0,Manchester-United
Mason Mount,eng ENG,"MF,FW",26,0,4,247.0,0.0,0.0,0.0,2.0,0.0,0.4,0.1,Manchester-United
Jonny Evans,nir NIR,DF,37,0,3,290.0,0.0,0.0,0.0,1.0,0.0,0.1,0.0,Manchester-United
Patrick Dorgu,dk DEN,DF,20,0,3,222.0,0.0,0.0,0.0,1.0,1.0,0.1,0.0,Manchester-United
Victor Lindelöf,se SWE,DF,30,0,2,244.0,0.0,0.0,0.0,1.0,0.0,0.0,0.1,Manchester-United
Tyrell Malacia,nl NED,DF,25,0,2,100.0,0.0,0.0,0.0,1.0,0.0,0.0,0.0,Manchester-United
Ayden Heaven,eng ENG,DF,18,0,1,95.0,0.0,0.0,0.0,0.0,0.0,0.0,0.0,Manchester-United
Toby Collyer,eng ENG,MF,21,0,0,179.0,0.0,0.0,0.0,0.0,0.0,0.2,0.3,Manchester-United
Antony,br BRA,"DF,MF",25,0,0,141.0,0.0,0.0,0.0,0.0,0.0,1.0,0.1,Manchester-United
Luke Shaw,eng ENG,DF,29,0,0,70.0,0.0,0.0,0.0,0.0,0.0,0.0,0.0,Manchester-United
Chidozie Obi-Martin,dk DEN,FW,17,0,0,28.0,0.0,0.0,0.0,1.0,0.0,0.0,0.0,Manchester-United
Harry Amass,eng ENG,DF,18,0,0,22.0,0.0,0.0,0.0,0.0,0.0,0.0,0.0,Manchester-United
Scott McTominay,sct SCO,MF,28,0,0,19.0,0.0,0.0,0.0,0.0,0.0,0.1,0.0,Manchester-United
Altay Bayındır,tr TUR,GK,26,0,0,0.0,0.0,0.0,0.0,0.0,0.0,0.0,0.0,Manchester-United
Jayce Fitzgerald,eng ENG,MF,17,0,0,0.0,0.0,0.0,0.0,0.0,0.0,0.0,0.0,Manchester-United
Jack Fletcher,eng ENG,MF,18,0,0,0.0,0.0,0.0,0.0,0.0,0.0,0.0,0.0,Manchester-United
Tyler Fredricson,eng ENG,DF,20,0,0,0.0,0.0,0.0,0.0,0.0,0.0,0.0,0.0,Manchester-United
Hubert Graczyk,pl POL,GK,22,0,0,0.0,0.0,0.0,0.0,0.0,0.0,0.0,0.0,Manchester-United
Elyh Harrison,eng ENG,GK,19,0,0,0.0,0.0,0.0,0.0,0.0,0.0,0.0,0.0,Manchester-United
Tom Heaton,eng ENG,GK,38,0,0,0.0,0.0,0.0,0.0,0.0,0.0,0.0,0.0,Manchester-United
Sekou Koné,ml MLI,MF,19,0,0,0.0,0.0,0.0,0.0,0.0,0.0,0.0,0.0,Manchester-United
Godwill Kukonki,eng ENG,DF,17,0,0,0.0,0.0,0.0,0.0,0.0,0.0,0.0,0.0,Manchester-United
Dermot Mee,nir NIR,GK,22,0,0,0.0,0.0,0.0,0.0,0.0,0.0,0.0,0.0,Manchester-United
Jack Moorhouse,eng ENG,MF,19,0,0,0.0,0.0,0.0,0.0,0.0,0.0,0.0,0.0,Manchester-United
Ethan Wheatley,eng ENG,FW,19,0,0,0.0,0.0,0.0,0.0,0.0,0.0,0.0,0.0,Manchester-United
Pedro Porro,es ESP,DF,25,0,24,2280.0,2.0,5.0,0.0,2.0,0.0,1.5,3.2,Tottenham-Hotspur
Dejan Kulusevski,se SWE,"MF,FW",24,0,24,2154.0,7.0,4.0,0.0,3.0,0.0,4.1,6.1,Tottenham-Hotspur
Son Heung-min,kr KOR,FW,32,0,21,1858.0,7.0,9.0,1.0,1.0,0.0,6.5,8.1,Tottenham-Hotspur
Destiny Udogie,it ITA,DF,22,0,21,1654.0,0.0,1.0,0.0,2.0,0.0,0.3,1.3,Tottenham-Hotspur
Dominic Solanke,eng ENG,FW,27,0,20,1778.0,7.0,3.0,0.0,0.0,0.0,9.2,2.8,Tottenham-Hotspur
Brennan Johnson,wls WAL,FW,23,0,20,1762.0,9.0,2.0,0.0,4.0,0.0,9.2,1.6,Tottenham-Hotspur
Guglielmo Vicario,it ITA,GK,28,0,17,1530.0,0.0,0.0,0.0,1.0,0.0,0.0,0.0,Tottenham-Hotspur
James Maddison,eng ENG,MF,28,0,17,1524.0,9.0,5.0,0.0,6.0,0.0,5.7,3.6,Tottenham-Hotspur
Pape Matar Sarr,sn SEN,MF,22,0,16,1396.0,3.0,2.0,0.0,5.0,0.0,3.1,1.5,Tottenham-Hotspur
Rodrigo Bentancur,uy URU,MF,27,0,16,1246.0,2.0,0.0,0.0,7.0,0.0,1.3,0.4,Tottenham-Hotspur
Radu Drăgușin,ro ROU,DF,23,0,14,1252.0,0.0,0.0,0.0,1.0,0.0,0.1,0.4,Tottenham-Hotspur
Yves Bissouma,ml MLI,MF,28,0,14,1145.0,2.0,0.0,0.0,6.0,0.0,0.6,0.2,Tottenham-Hotspur
Cristian Romero,ar ARG,DF,26,0,14,1101.0,1.0,0.0,0.0,1.0,0.0,1.1,0.5,Tottenham-Hotspur
Archie Gray,eng ENG,"DF,MF",19,0,13,1245.0,0.0,0.0,0.0,0.0,0.0,0.0,0.1,Tottenham-Hotspur
Djed Spence,eng ENG,DF,24,0,11,1064.0,1.0,1.0,0.0,3.0,1.0,0.3,1.5,Tottenham-Hotspur
Micky van de Ven,nl NED,DF,23,0,9,818.0,0.0,2.0,0.0,4.0,0.0,0.4,1.2,Tottenham-Hotspur
Lucas Bergvall,se SWE,MF,19,0,8,934.0,0.0,1.0,0.0,3.0,0.0,0.5,0.4,Tottenham-Hotspur
Ben Davies,wls WAL,DF,31,0,8,721.0,0.0,0.0,0.0,2.0,0.0,0.2,0.1,Tottenham-Hotspur
Fraser Forster,eng ENG,GK,37,0,7,630.0,0.0,0.0,0.0,0.0,0.0,0.0,0.0,Tottenham-Hotspur
Timo Werner,de GER,"FW,MF",29,0,4,516.0,0.0,3.0,0.0,0.0,0.0,1.0,2.5,Tottenham-Hotspur
Antonín Kinský,cz CZE,GK,22,0,4,360.0,0.0,0.0,0.0,0.0,0.0,0.0,0.1,Tottenham-Hotspur
Wilson Odobert,fr FRA,FW,20,0,4,353.0,0.0,0.0,0.0,0.0,0.0,0.7,0.1,Tottenham-Hotspur
Kevin Danso,at AUT,DF,26,0,4,347.0,0.0,0.0,0.0,0.0,0.0,0.3,0.0,Tottenham-Hotspur
Mathys Tel,fr FRA,FW,19,0,4,305.0,0.0,0.0,0.0,0.0,0.0,0.8,0.1,Tottenham-Hotspur
Richarlison,br BRA,FW,27,0,2,279.0,2.0,1.0,0.0,1.0,0.0,1.2,0.9,Tottenham-Hotspur
Mikey Moore,eng ENG,"FW,MF",17,0,2,185.0,0.0,1.0,0.0,0.0,0.0,0.2,0.3,Tottenham-Hotspur
Brandon Austin,eng ENG,GK,26,0,1,90.0,0.0,0.0,0.0,0.0,0.0,0.0,0.0,Tottenham-Hotspur
Sergio Reguilón,es ESP,DF,28,0,0,123.0,0.0,0.0,0.0,2.0,0.0,0.1,0.0,Tottenham-Hotspur
Dane Scarlett,eng ENG,"FW,MF",20,0,0,34.0,0.0,1.0,0.0,0.0,0.0,0.0,0.0,Tottenham-Hotspur
Alfie Dorrington,eng ENG,DF,19,0,0,14.0,0.0,0.0,0.0,0.0,0.0,0.0,0.0,Tottenham-Hotspur
Will Lankshear,eng ENG,"FW,MF",19,0,0,11.0,0.0,0.0,0.0,0.0,0.0,0.0,0.0,Tottenham-Hotspur
Oyindamola Ajayi,eng ENG,FW,19,0,0,0.0,0.0,0.0,0.0,0.0,0.0,0.0,0.0,Tottenham-Hotspur
Dante Cassanova,jm JAM,DF,20,0,0,0.0,0.0,0.0,0.0,0.0,0.0,0.0,0.0,Tottenham-Hotspur
Alfie Devine,eng ENG,MF,20,0,0,0.0,0.0,0.0,0.0,0.0,0.0,0.0,0.0,Tottenham-Hotspur
Malachi Hardy,eng ENG,DF,17,0,0,0.0,0.0,0.0,0.0,0.0,0.0,0.0,0.0,Tottenham-Hotspur
Maeson King,eng ENG,DF,19,0,0,0.0,0.0,0.0,0.0,0.0,0.0,0.0,0.0,Tottenham-Hotspur
Yang Minhyeok,kr KOR,MF,18,0,0,0.0,0.0,0.0,0.0,0.0,0.0,0.0,0.0,Tottenham-Hotspur
Callum Olusesi,eng ENG,MF,18,0,0,0.0,0.0,0.0,0.0,0.0,0.0,0.0,0.0,Tottenham-Hotspur
Alfie Whiteman,eng ENG,GK,26,0,0,0.0,0.0,0.0,0.0,0.0,0.0,0.0,0.0,Tottenham-Hotspur
Luca Williams Barnett,eng ENG,FW,16,0,0,0.0,0.0,0.0,0.0,0.0,0.0,0.0,0.0,Tottenham-Hotspur
Jordan Pickford,eng ENG,GK,31,29,29,2610.0,0.0,1.0,0.0,6.0,0.0,0.0,0.4,Everton
James Tarkowski,eng ENG,DF,32,29,29,2601.0,1.0,1.0,0.0,4.0,0.0,1.1,2.2,Everton
Vitaliy Mykolenko,ua UKR,DF,25,27,27,2362.0,0.0,1.0,0.0,2.0,0.0,0.4,1.5,Everton
Idrissa Gana Gueye,sn SEN,MF,35,28,26,2267.0,0.0,3.0,0.0,6.0,0.0,1.0,1.5,Everton
Abdoulaye Doucouré,ml MLI,MF,32,25,24,1980.0,2.0,1.0,0.0,4.0,1.0,3.2,1.5,Everton
Iliman Ndiaye,sn SEN,FW,25,24,22,1877.0,6.0,0.0,1.0,3.0,0.0,3.6,1.5,Everton
Jarrad Branthwaite,eng ENG,DF,22,22,20,1808.0,0.0,1.0,0.0,3.0,0.0,0.8,0.6,Everton
Dominic Calvert-Lewin,eng ENG,FW,28,22,19,1574.0,3.0,1.0,0.0,2.0,0.0,6.1,0.6,Everton
Ashley Young,eng ENG,"DF,FW",39,25,17,1557.0,1.0,3.0,0.0,6.0,1.0,0.3,1.6,Everton
Jack Harrison,eng ENG,FW,28,25,17,1504.0,1.0,0.0,0.0,0.0,0.0,3.1,3.2,Everton
Jesper Lindstrøm,dk DEN,FW,25,25,15,1239.0,0.0,1.0,0.0,2.0,0.0,2.1,2.0,Everton
Orel Mangala,be BEL,MF,27,19,14,1261.0,1.0,0.0,0.0,2.0,0.0,1.1,0.6,Everton
Dwight McNeil,eng ENG,"MF,FW",25,13,13,1140.0,3.0,3.0,0.0,1.0,0.0,0.9,3.5,Everton
James Garner,eng ENG,"MF,DF",24,12,9,861.0,0.0,1.0,0.0,3.0,0.0,0.1,1.0,Everton
Jake O'Brien,ie IRL,DF,23,12,9,851.0,2.0,0.0,0.0,3.0,0.0,0.6,0.6,Everton
Michael Keane,eng ENG,DF,32,10,9,813.0,2.0,0.0,0.0,4.0,0.0,0.4,0.1,Everton
Beto,gw GNB,FW,27,21,8,932.0,6.0,0.0,0.0,1.0,0.0,5.5,0.7,Everton
Tim Iroegbunam,eng ENG,MF,21,13,4,477.0,0.0,1.0,0.0,3.0,0.0,0.2,0.2,Everton
Carlos Alcaraz,ar ARG,"MF,FW",22,6,3,317.0,1.0,1.0,0.0,2.0,0.0,0.9,1.1,Everton
Séamus Coleman,ie IRL,DF,36,3,2,197.0,0.0,0.0,0.0,1.0,0.0,0.6,0.0,Everton
Armando Broja,al ALB,FW,23,6,2,171.0,0.0,0.0,0.0,1.0,0.0,0.1,0.1,Everton
Roman Dixon,eng ENG,DF,20,1,1,90.0,0.0,0.0,0.0,0.0,0.0,0.0,0.0,Everton
Nathan Patterson,sct SCO,"DF,FW",23,7,0,129.0,0.0,0.0,0.0,0.0,0.0,0.1,0.3,Everton
Harrison Armstrong,eng ENG,MF,18,3,0,48.0,0.0,0.0,0.0,1.0,0.0,0.4,0.1,Everton
Youssef Chermiti,pt POR,FW,20,1,0,12.0,0.0,0.0,0.0,1.0,0.0,0.1,0.0,Everton
Mason Holgate,eng ENG,"FW,DF",28,1,0,6.0,0.0,0.0,0.0,0.0,0.0,0.0,0.0,Everton
Callum Bates,eng ENG,MF,19,0,0,0.0,0.0,0.0,0.0,0.0,0.0,0.0,0.0,Everton
Asmir Begović,ba BIH,GK,37,0,0,0.0,0.0,0.0,0.0,0.0,0.0,0.0,0.0,Everton
Coby Ebere,de GER,MF,19,0,0,0.0,0.0,0.0,0.0,0.0,0.0,0.0,0.0,Everton
Isaac Heath,eng ENG,FW,20,0,0,0.0,0.0,0.0,0.0,0.0,0.0,0.0,0.0,Everton
Neal Maupay,fr FRA,"FW,MF",28,0,0,0.0,0.0,0.0,0.0,0.0,0.0,0.0,0.0,Everton
Jenson Metcalfe,eng ENG,MF,20,0,0,0.0,0.0,0.0,0.0,0.0,0.0,0.0,0.0,Everton
Martin Sherif,nl NED,FW,18,0,0,0.0,0.0,0.0,0.0,0.0,0.0,0.0,0.0,Everton
João Virgínia,pt POR,GK,25,0,0,0.0,0.0,0.0,0.0,0.0,0.0,0.0,0.0,Everton
Max Kilman,eng ENG,DF,27,29,29,2538.0,0.0,1.0,0.0,3.0,0.0,1.4,1.0,West-Ham-United
Aaron Wan-Bissaka,eng ENG,DF,27,28,27,2434.0,2.0,2.0,0.0,1.0,0.0,1.0,2.3,West-Ham-United
Jarrod Bowen,eng ENG,"FW,MF",28,25,25,2186.0,7.0,5.0,1.0,1.0,0.0,6.3,5.0,West-Ham-United
Tomáš Souček,cz CZE,MF,30,27,24,2083.0,7.0,1.0,0.0,8.0,0.0,4.9,1.0,West-Ham-United
Mohammed Kudus,gh GHA,"MF,FW",24,24,24,1994.0,3.0,1.0,0.0,0.0,1.0,5.9,2.1,West-Ham-United
Emerson Palmieri,it ITA,DF,30,25,23,1792.0,2.0,1.0,0.0,5.0,0.0,1.6,1.5,West-Ham-United
Lucas Paquetá,br BRA,"MF,FW",27,25,21,1807.0,4.0,0.0,2.0,7.0,0.0,5.0,2.1,West-Ham-United
Edson Álvarez,mx MEX,MF,27,23,18,1535.0,0.0,1.0,0.0,8.0,1.0,0.3,0.8,West-Ham-United
Konstantinos Mavropanos,gr GRE,DF,27,25,17,1662.0,0.0,0.0,0.0,4.0,1.0,1.2,0.5,West-Ham-United
Alphonse Areola,fr FRA,GK,32,18,17,1540.0,0.0,0.0,0.0,0.0,0.0,0.0,0.0,West-Ham-United
Guido Rodríguez,ar ARG,MF,30,20,14,1018.0,0.0,0.0,0.0,5.0,0.0,0.2,0.1,West-Ham-United
Jean-Clair Todibo,fr FRA,DF,25,19,12,1145.0,0.0,0.0,0.0,2.0,0.0,0.2,0.0,West-Ham-United
Carlos Soler,es ESP,"MF,FW",28,24,12,1098.0,1.0,1.0,0.0,5.0,0.0,1.2,1.1,West-Ham-United
Łukasz Fabiański,pl POL,GK,39,13,12,1070.0,0.0,0.0,0.0,2.0,0.0,0.0,0.0,West-Ham-United
Michail Antonio,jm JAM,FW,34,14,11,836.0,1.0,1.0,0.0,1.0,0.0,2.2,1.6,West-Ham-United
Vladimír Coufal,cz CZE,DF,32,15,8,736.0,0.0,0.0,0.0,2.0,0.0,0.2,0.6,West-Ham-United
Crysencio Summerville,nl NED,"FW,MF",23,19,7,786.0,1.0,1.0,0.0,2.0,0.0,1.6,1.7,West-Ham-United
Aaron Cresswell,eng ENG,DF,35,13,6,544.0,0.0,0.0,0.0,2.0,0.0,0.1,1.1,West-Ham-United
James Ward-Prowse,eng ENG,MF,30,6,4,416.0,0.0,0.0,0.0,1.0,0.0,0.3,0.4,West-Ham-United
Oliver Scarles,eng ENG,DF,19,10,3,406.0,0.0,0.0,0.0,1.0,0.0,0.1,0.0,West-Ham-United
Niclas Füllkrug,de GER,FW,32,9,3,370.0,2.0,1.0,0.0,1.0,0.0,1.4,1.0,West-Ham-United
Danny Ings,eng ENG,"FW,MF",32,15,1,284.0,1.0,2.0,0.0,0.0,0.0,2.3,1.3,West-Ham-United
Andy Irving,sct SCO,MF,24,10,1,166.0,0.0,0.0,0.0,2.0,0.0,0.1,0.2,West-Ham-United
Evan Ferguson,ie IRL,FW,20,5,0,95.0,0.0,0.0,0.0,0.0,0.0,0.2,0.3,West-Ham-United
Luis Guilherme,br BRA,"MF,FW",19,7,0,57.0,0.0,0.0,0.0,0.0,0.0,0.0,0.0,West-Ham-United
Lewis Orford,eng ENG,MF,19,2,0,49.0,0.0,0.0,0.0,0.0,0.0,0.0,0.0,West-Ham-United
Kaelan Casey,eng ENG,DF,20,1,0,1.0,0.0,0.0,0.0,0.0,0.0,0.0,0.0,West-Ham-United
Wes Foderingham,eng ENG,GK,34,0,0,0.0,0.0,0.0,0.0,0.0,0.0,0.0,0.0,West-Ham-United
Ezra Mayers,bb BRB,DF,18,0,0,0.0,0.0,0.0,0.0,0.0,0.0,0.0,0.0,West-Ham-United
Rayan Aït-Nouri,dz ALG,DF,23,28,28,2381.0,3.0,5.0,0.0,6.0,1.0,1.9,2.6,Wolverhampton-Wanderers
João Gomes,br BRA,MF,24,27,27,2249.0,3.0,1.0,0.0,9.0,1.0,2.3,1.1,Wolverhampton-Wanderers
Nélson Semedo,pt POR,DF,31,25,24,2145.0,0.0,4.0,0.0,7.0,0.0,0.6,2.6,Wolverhampton-Wanderers
Matheus Cunha,br BRA,"MF,FW",25,26,24,2143.0,13.0,4.0,0.0,3.0,0.0,6.7,6.6,Wolverhampton-Wanderers
Jørgen Strand Larsen,no NOR,FW,25,27,24,2066.0,9.0,2.0,0.0,3.0,0.0,6.6,1.7,Wolverhampton-Wanderers
José Sá,pt POR,GK,32,22,22,1980.0,0.0,0.0,0.0,1.0,0.0,0.0,0.1,Wolverhampton-Wanderers
André,br BRA,MF,23,24,22,1747.0,0.0,0.0,0.0,4.0,0.0,0.2,0.6,Wolverhampton-Wanderers
Toti Gomes,pt POR,DF,26,22,21,1804.0,0.0,1.0,0.0,4.0,0.0,0.1,0.8,Wolverhampton-Wanderers
Matt Doherty,ie IRL,DF,33,22,18,1610.0,2.0,1.0,0.0,5.0,0.0,1.0,1.4,Wolverhampton-Wanderers
Santiago Bueno,uy URU,DF,26,22,17,1524.0,0.0,0.0,0.0,2.0,0.0,0.4,0.0,Wolverhampton-Wanderers
Mario Lemina,ga GAB,"MF,DF",31,17,15,1364.0,1.0,3.0,0.0,4.0,0.0,1.4,1.1,Wolverhampton-Wanderers
Jean-Ricner Bellegarde,fr FRA,"MF,FW",26,27,15,1285.0,2.0,6.0,0.0,3.0,0.0,1.2,3.2,Wolverhampton-Wanderers
Craig Dawson,eng ENG,DF,34,15,10,971.0,0.0,0.0,0.0,2.0,0.0,0.5,0.0,Wolverhampton-Wanderers
Gonçalo Guedes,pt POR,"MF,FW",28,24,7,770.0,2.0,4.0,0.0,1.0,0.0,2.2,1.1,Wolverhampton-Wanderers
Sam Johnstone,eng ENG,GK,31,7,7,630.0,0.0,0.0,0.0,0.0,0.0,0.0,0.0,Wolverhampton-Wanderers
Emmanuel Agbadou,ci CIV,DF,27,7,7,600.0,0.0,0.0,0.0,2.0,0.0,0.0,0.0,Wolverhampton-Wanderers
Rodrigo Gomes,pt POR,"DF,FW",21,17,6,569.0,1.0,0.0,0.0,0.0,0.0,0.4,0.7,Wolverhampton-Wanderers
Pablo Sarabia,es ESP,"MF,FW",32,15,6,564.0,1.0,1.0,0.0,2.0,0.0,2.5,0.7,Wolverhampton-Wanderers
Hwang Hee-chan,kr KOR,"MF,FW",29,18,5,637.0,2.0,0.0,0.0,0.0,0.0,0.8,0.1,Wolverhampton-Wanderers
Yerson Mosquera,co COL,DF,23,5,5,441.0,0.0,0.0,0.0,2.0,0.0,0.3,0.1,Wolverhampton-Wanderers
Marshall Munetsi,zw ZIM,"MF,FW",28,5,4,338.0,1.0,1.0,0.0,0.0,0.0,1.9,0.8,Wolverhampton-Wanderers
Tommy Doyle,eng ENG,MF,23,24,3,488.0,0.0,1.0,0.0,1.0,0.0,0.6,0.5,Wolverhampton-Wanderers
Carlos Forbs,pt POR,"MF,FW",21,9,1,237.0,0.0,0.0,0.0,2.0,0.0,0.1,0.0,Wolverhampton-Wanderers
Pedro Lima,br BRA,DF,18,3,1,70.0,0.0,0.0,0.0,0.0,0.0,0.1,0.1,Wolverhampton-Wanderers
Daniel Podence,pt POR,"MF,FW",29,2,0,48.0,0.0,0.0,0.0,0.0,0.0,0.0,0.0,Wolverhampton-Wanderers
Nasser Djiga,bf BFA,DF,22,2,0,19.0,0.0,0.0,0.0,0.0,0.0,0.0,0.0,Wolverhampton-Wanderers
Chiquinho,pt POR,MF,25,1,0,7.0,0.0,0.0,0.0,0.0,0.0,0.0,0.0,Wolverhampton-Wanderers
Alfie Pond,eng ENG,DF,21,1,0,1.0,0.0,0.0,0.0,0.0,0.0,0.0,0.0,Wolverhampton-Wanderers
Daniel Bentley,eng ENG,GK,31,0,0,0.0,0.0,0.0,0.0,0.0,0.0,0.0,0.0,Wolverhampton-Wanderers
Tawanda Chirewa,zw ZIM,MF,21,0,0,0.0,0.0,0.0,0.0,0.0,0.0,0.0,0.0,Wolverhampton-Wanderers
Luke Cundle,eng ENG,MF,22,0,0,0.0,0.0,0.0,0.0,0.0,0.0,0.0,0.0,Wolverhampton-Wanderers
Tom Edozie,eng ENG,MF,18,0,0,0.0,0.0,0.0,0.0,0.0,0.0,0.0,0.0,Wolverhampton-Wanderers
Mateus Mane,None,None,0,0,0,0.0,0.0,0.0,0.0,0.0,0.0,0.0,0.0,Wolverhampton-Wanderers
Bastien Meupiyou,fr FRA,DF,19,0,0,0.0,0.0,0.0,0.0,0.0,0.0,0.0,0.0,Wolverhampton-Wanderers
Wesley Okoduwa,eng ENG,FW,16,0,0,0.0,0.0,0.0,0.0,0.0,0.0,0.0,0.0,Wolverhampton-Wanderers
Boubacar Traoré,ml MLI,MF,23,0,0,0.0,0.0,0.0,0.0,0.0,0.0,0.0,0.0,Wolverhampton-Wanderers
Leif Davis,eng ENG,DF,25,28,28,2461.0,1.0,2.0,0.0,5.0,0.0,0.9,4.3,Ipswich-Town
Liam Delap,eng ENG,FW,22,28,27,2173.0,10.0,2.0,2.0,8.0,0.0,8.2,1.9,Ipswich-Town
Dara O'Shea,ie IRL,DF,26,26,26,2312.0,0.0,1.0,0.0,6.0,0.0,0.8,0.1,Ipswich-Town
Omari Hutchinson,eng ENG,"MF,FW",21,27,26,2223.0,3.0,2.0,0.0,5.0,0.0,2.3,2.5,Ipswich-Town
Sam Morsy,eg EGY,MF,33,24,22,1979.0,1.0,1.0,0.0,8.0,0.0,0.3,0.7,Ipswich-Town
Jacob Greaves,eng ENG,DF,24,19,19,1665.0,1.0,0.0,0.0,4.0,0.0,1.2,0.0,Ipswich-Town
Jens Cajuste,se SWE,MF,25,22,19,1434.0,1.0,0.0,0.0,2.0,0.0,0.3,0.4,Ipswich-Town
Arijanet Muric,xk KVX,GK,26,18,18,1620.0,0.0,0.0,0.0,1.0,0.0,0.0,0.0,Ipswich-Town
Kalvin Phillips,eng ENG,MF,29,17,14,1205.0,0.0,0.0,0.0,6.0,1.0,0.4,0.2,Ipswich-Town
Axel Tuanzebe,cd COD,DF,27,14,13,1095.0,0.0,1.0,0.0,5.0,1.0,0.2,0.3,Ipswich-Town
Sammie Szmodics,ie IRL,"FW,MF",29,19,13,979.0,4.0,0.0,0.0,2.0,0.0,3.4,0.2,Ipswich-Town
Wes Burns,wls WAL,"FW,DF",30,18,12,926.0,0.0,1.0,0.0,1.0,0.0,0.5,1.6,Ipswich-Town
Luke Woolfenden,eng ENG,DF,26,13,10,1007.0,0.0,0.0,0.0,2.0,0.0,0.0,0.0,Ipswich-Town
Cameron Burgess,au AUS,DF,29,11,10,945.0,0.0,1.0,0.0,0.0,0.0,0.7,0.3,Ipswich-Town
Ben Johnson,eng ENG,"DF,FW",25,17,9,953.0,0.0,1.0,0.0,3.0,0.0,0.7,0.6,Ipswich-Town
Jack Clarke,eng ENG,"FW,MF",24,24,8,871.0,0.0,4.0,0.0,2.0,0.0,0.9,1.8,Ipswich-Town
Conor Chaplin,eng ENG,"MF,FW",28,15,7,614.0,1.0,1.0,0.0,1.0,0.0,1.2,0.6,Ipswich-Town
Christian Walton,eng ENG,GK,29,6,6,540.0,0.0,0.0,0.0,0.0,0.0,0.0,0.0,Ipswich-Town
Jaden Philogene Bidace,eng ENG,"FW,DF",23,7,5,458.0,2.0,0.0,0.0,0.0,0.0,1.9,0.2,Ipswich-Town
Alex Palmer,eng ENG,GK,28,5,5,450.0,0.0,0.0,0.0,0.0,0.0,0.0,0.0,Ipswich-Town
Nathan Broadhead,wls WAL,"FW,MF",26,13,4,455.0,0.0,0.0,0.0,1.0,0.0,1.1,0.5,Ipswich-Town
Harry Clarke,eng ENG,DF,24,7,4,379.0,0.0,0.0,0.0,3.0,1.0,0.1,0.0,Ipswich-Town
Julio Enciso,py PAR,"MF,FW",21,5,4,269.0,0.0,1.0,0.0,2.0,0.0,0.6,0.4,Ipswich-Town
Chiedozie Ogbene,ie IRL,FW,27,5,3,238.0,0.0,0.0,0.0,0.0,0.0,0.0,0.1,Ipswich-Town
Massimo Luongo,au AUS,MF,32,7,2,181.0,0.0,0.0,0.0,0.0,0.0,0.0,0.0,Ipswich-Town
Ben Godfrey,eng ENG,DF,27,2,2,108.0,0.0,0.0,0.0,1.0,0.0,0.0,0.0,Ipswich-Town
Jack Taylor,ie IRL,MF,26,23,1,495.0,1.0,0.0,0.0,3.0,0.0,0.6,0.5,Ipswich-Town
George Hirst,sct SCO,FW,26,17,1,271.0,2.0,1.0,0.0,1.0,0.0,1.1,0.3,Ipswich-Town
Conor Townsend,eng ENG,DF,32,3,1,136.0,0.0,0.0,0.0,0.0,0.0,0.0,0.4,Ipswich-Town
Ali Al Hamadi,iq IRQ,FW,23,11,0,134.0,0.0,0.0,0.0,3.0,0.0,0.4,0.1,Ipswich-Town
Marcus Harness,eng ENG,MF,29,2,0,45.0,0.0,0.0,0.0,0.0,0.0,0.0,0.0,Ipswich-Town
George Edmundson,eng ENG,DF,27,1,0,2.0,0.0,0.0,0.0,0.0,0.0,0.0,0.0,Ipswich-Town
Cieran Slicker,sct SCO,GK,22,0,0,0.0,0.0,0.0,0.0,0.0,0.0,0.0,0.0,Ipswich-Town
James Justin,eng ENG,DF,27,27,27,2273.0,2.0,1.0,0.0,3.0,0.0,1.5,0.5,Leicester-City
Jamie Vardy,eng ENG,FW,38,27,27,2226.0,7.0,3.0,1.0,4.0,0.0,9.2,2.9,Leicester-City
Victor Bernth Kristiansen,dk DEN,DF,22,26,26,2276.0,0.0,1.0,0.0,1.0,0.0,0.3,1.3,Leicester-City
Wout Faes,be BEL,DF,26,26,22,2095.0,1.0,0.0,0.0,3.0,0.0,1.2,0.1,Leicester-City
Mads Hermansen,dk DEN,GK,24,22,22,1935.0,0.0,0.0,0.0,0.0,0.0,0.0,0.0,Leicester-City
Wilfred Ndidi,ng NGA,MF,28,20,20,1645.0,0.0,4.0,0.0,5.0,0.0,1.6,1.6,Leicester-City
Bilal El Khannouss,ma MAR,MF,20,24,19,1526.0,2.0,1.0,0.0,3.0,0.0,0.7,2.3,Leicester-City
Boubakary Soumaré,fr FRA,MF,26,22,18,1563.0,0.0,0.0,0.0,8.0,0.0,0.2,0.4,Leicester-City
Harry Winks,eng ENG,MF,29,22,17,1538.0,0.0,2.0,0.0,4.0,0.0,0.2,1.2,Leicester-City
Jannik Vestergaard,dk DEN,DF,32,18,16,1391.0,0.0,0.0,0.0,5.0,0.0,0.1,0.1,Leicester-City
Jordan Ayew,gh GHA,"FW,MF",33,24,15,1299.0,4.0,0.0,1.0,5.0,0.0,2.8,0.8,Leicester-City
Stephy Mavididi,eng ENG,FW,26,27,14,1397.0,3.0,1.0,0.0,2.0,0.0,1.6,2.4,Leicester-City
Facundo Buonanotte,ar ARG,"FW,MF",20,25,13,1323.0,4.0,2.0,0.0,7.0,0.0,3.5,2.8,Leicester-City
Caleb Okoli,it ITA,DF,23,16,11,1003.0,0.0,0.0,0.0,3.0,0.0,0.1,0.0,Leicester-City
Conor Coady,eng ENG,DF,32,13,10,904.0,0.0,0.0,0.0,1.0,0.0,0.0,0.1,Leicester-City
Oliver Skipp,eng ENG,MF,24,16,7,779.0,0.0,0.0,0.0,4.0,0.0,0.1,0.2,Leicester-City
Bobby Reid,jm JAM,"FW,MF",32,20,7,639.0,1.0,2.0,0.0,2.0,0.0,0.8,1.2,Leicester-City
Abdul Fatawu Issahaku,gh GHA,FW,21,11,6,579.0,0.0,2.0,0.0,0.0,0.0,0.4,1.6,Leicester-City
Jakub Stolarczyk,pl POL,GK,24,6,6,540.0,0.0,0.0,0.0,1.0,0.0,0.0,0.0,Leicester-City
Kasey McAteer,ie IRL,"FW,MF",23,12,4,395.0,0.0,1.0,0.0,1.0,0.0,0.6,0.4,Leicester-City
Luke Thomas,eng ENG,DF,23,5,4,363.0,0.0,0.0,0.0,0.0,0.0,0.0,0.1,Leicester-City
Patson Daka,zm ZAM,"FW,MF",26,16,3,463.0,1.0,0.0,0.0,0.0,0.0,0.8,0.0,Leicester-City
Ricardo Pereira,pt POR,DF,31,3,2,153.0,0.0,0.0,0.0,1.0,0.0,0.0,0.0,Leicester-City
Danny Ward,wls WAL,GK,31,2,1,135.0,0.0,0.0,0.0,0.0,0.0,0.0,0.0,Leicester-City
Hamza Choudhury,eng ENG,"MF,DF",27,4,1,131.0,0.0,0.0,0.0,0.0,0.0,0.0,0.4,Leicester-City
Woyo Coulibaly,fr FRA,DF,25,4,1,109.0,0.0,0.0,0.0,1.0,0.0,0.0,0.0,Leicester-City
Odsonne Édouard,fr FRA,FW,27,4,0,29.0,0.0,0.0,0.0,0.0,0.0,0.0,0.0,Leicester-City
Will Alves,eng ENG,FW,20,1,0,1.0,0.0,0.0,0.0,0.0,0.0,0.0,0.0,Leicester-City
Thomas Cannon,ie IRL,FW,22,0,0,0.0,0.0,0.0,0.0,0.0,0.0,0.0,0.0,Leicester-City
Henry Cartwright,eng ENG,MF,20,0,0,0.0,0.0,0.0,0.0,0.0,0.0,0.0,0.0,Leicester-City
Daniel Iversen,dk DEN,GK,27,0,0,0.0,0.0,0.0,0.0,0.0,0.0,0.0,0.0,Leicester-City
Benjamin Nelson,eng ENG,DF,21,0,0,0.0,0.0,0.0,0.0,0.0,0.0,0.0,0.0,Leicester-City
Thomas Wilson-Brown,eng ENG,MF,20,0,0,0.0,0.0,0.0,0.0,0.0,0.0,0.0,0.0,Leicester-City
Kyle Walker-Peters,eng ENG,DF,27,0,27,2378.0,0.0,2.0,0.0,5.0,0.0,0.5,2.6,Southampton
Mateus Fernandes,pt POR,MF,20,0,25,2141.0,1.0,2.0,0.0,7.0,0.0,3.1,2.0,Southampton
Taylor Harwood-Bellis,eng ENG,DF,23,0,24,2120.0,1.0,0.0,0.0,7.0,0.0,1.7,0.8,Southampton
Jan Bednarek,pl POL,DF,28,0,23,1901.0,2.0,0.0,0.0,5.0,0.0,0.7,0.5,Southampton
Aaron Ramsdale,eng ENG,GK,26,0,21,1890.0,0.0,0.0,0.0,2.0,0.0,0.0,0.0,Southampton
Joe Aribo,ng NGA,"MF,DF",28,0,19,1826.0,3.0,0.0,0.0,1.0,0.0,2.7,1.6,Southampton
Flynn Downes,eng ENG,MF,26,0,18,1522.0,1.0,0.0,0.0,9.0,0.0,0.6,0.9,Southampton
Tyler Dibling,eng ENG,"FW,MF",19,0,17,1540.0,2.0,0.0,0.0,6.0,0.0,2.4,1.4,Southampton
Yukinari Sugawara,jp JPN,"DF,MF",24,0,15,1439.0,1.0,1.0,0.0,4.0,0.0,0.4,2.2,Southampton
Adam Armstrong,eng ENG,"FW,MF",28,0,15,1248.0,2.0,2.0,0.0,4.0,0.0,3.3,1.2,Southampton
Ryan Manning,ie IRL,"DF,MF",28,0,12,971.0,0.0,0.0,0.0,2.0,0.0,0.3,2.4,Southampton
Cameron Archer,eng ENG,FW,23,0,11,1181.0,2.0,0.0,0.0,0.0,0.0,4.9,0.3,Southampton
James Bree,eng ENG,DF,27,0,11,890.0,0.0,1.0,0.0,0.0,0.0,0.1,0.9,Southampton
Lesley Ugochukwu,fr FRA,MF,20,0,10,1025.0,0.0,1.0,0.0,4.0,0.0,0.4,0.8,Southampton
Jack Stephens,eng ENG,DF,31,0,10,804.0,0.0,0.0,0.0,2.0,2.0,0.3,0.1,Southampton
Paul Onuachu,ng NGA,FW,30,0,8,764.0,3.0,1.0,0.0,3.0,0.0,2.8,0.5,Southampton
Kamaldeen Sulemana,gh GHA,"FW,MF",23,0,8,742.0,1.0,0.0,0.0,0.0,0.0,0.9,0.4,Southampton
Nathan Wood-Gordon,eng ENG,DF,22,0,7,624.0,0.0,0.0,0.0,2.0,0.0,0.2,0.0,Southampton
William Smallbone,ie IRL,MF,25,0,6,555.0,1.0,0.0,0.0,1.0,0.0,0.4,0.6,Southampton
Alex McCarthy,eng ENG,GK,35,0,5,450.0,0.0,0.0,0.0,0.0,0.0,0.0,0.0,Southampton
Adam Lallana,eng ENG,MF,36,0,5,361.0,0.0,2.0,0.0,4.0,0.0,0.2,0.9,Southampton
Ben Brereton,cl CHI,FW,25,0,4,449.0,0.0,0.0,0.0,1.0,0.0,0.9,0.1,Southampton
Ryan Fraser,sct SCO,"FW,DF",31,0,4,306.0,0.0,0.0,0.0,0.0,1.0,0.0,0.1,Southampton
Joe Lumley,eng ENG,GK,30,0,3,270.0,0.0,0.0,0.0,0.0,0.0,0.0,0.0,Southampton
Welington,br BRA,"DF,MF",24,0,3,172.0,0.0,0.0,0.0,1.0,0.0,0.0,0.0,Southampton
Armel Bella Kotchap,de GER,DF,23,0,2,331.0,0.0,0.0,0.0,0.0,0.0,0.3,0.0,Southampton
Charlie Taylor,eng ENG,DF,31,0,2,266.0,0.0,0.0,0.0,1.0,0.0,0.0,0.1,Southampton
Albert Grønbaek,dk DEN,"FW,MF",23,0,2,143.0,0.0,0.0,0.0,0.0,0.0,0.1,0.0,Southampton
Ross Stewart,sct SCO,"FW,MF",28,0,1,132.0,0.0,0.0,0.0,1.0,0.0,0.1,0.0,Southampton
Maxwel Cornet,ci CIV,FW,28,0,1,72.0,0.0,0.0,0.0,1.0,0.0,0.2,0.0,Southampton
Samuel Edozie,eng ENG,"DF,FW",22,0,0,65.0,0.0,0.0,0.0,1.0,0.0,0.0,0.1,Southampton
Samuel Amo-Ameyaw,eng ENG,"FW,DF",18,0,0,28.0,0.0,0.0,0.0,1.0,0.0,0.0,0.1,Southampton
Ronnie Edwards,eng ENG,DF,21,0,0,12.0,0.0,0.0,0.0,0.0,0.0,0.0,0.0,Southampton
Carlos Alcaraz,ar ARG,MF,22,0,0,10.0,0.0,0.0,0.0,0.0,0.0,0.1,0.1,Southampton
Joe O'Brien-Whitmarsh,ie IRL,FW,0,0,0,0.0,0.0,0.0,0.0,0.0,0.0,0.0,0.0,Southampton
